school_code,school_type,prefecture_code,establishment_type,branch_status,school_name,address,postal_code,attribute_set_date,attribute_retired_date,legacy_survey_code,successor_school_code,school_type_raw,prefecture_raw,establishment_type_raw,branch_status_raw,source_file_id,source_record_number
B114110000024,B1,14,1,1,横浜国立大学教育学部附属横浜小学校,神奈川県横浜市中区立野６４,2310845,2020-12-22,,140002,,B1(小学校),14(神奈川),1(国),1(本),mext-2025-east,21373
B114210020019,B1,14,2,1,横浜市立旭小学校,神奈川県横浜市鶴見区北寺尾４－２５－１,2300074,2020-12-22,,140015,,B1(小学校),14(神奈川),2(公),1(本),mext-2025-east,21374
B114210020028,B1,14,2,1,横浜市立市場小学校,神奈川県横浜市鶴見区元宮１－１３－１,2300004,2020-12-22,,140012,,B1(小学校),14(神奈川),2(公),1(本),mext-2025-east,21375
B114210020037,B1,14,2,2,横浜市立市場小学校けやき分校,神奈川県横浜市鶴見区元宮２－５－２９,2300004,2020-12-22,,140033,,B1(小学校),14(神奈川),2(公),2(分),mext-2025-east,21376
B114210020046,B1,14,2,1,横浜市立入船小学校,神奈川県横浜市鶴見区浜町１－１－１,2300036,2020-12-22,,140019,,B1(小学校),14(神奈川),2(公),1(本),mext-2025-east,21377
B114210020055,B1,14,2,1,横浜市立潮田小学校,神奈川県横浜市鶴見区向井町３－８２－１,2300037,2020-12-22,,140013,,B1(小学校),14(神奈川),2(公),1(本),mext-2025-east,21378
B114210020064,B1,14,2,1,横浜市立上末吉小学校,神奈川県横浜市鶴見区上末吉５－２４－１,2300011,2020-12-22,,140024,,B1(小学校),14(神奈川),2(公),1(本),mext-2025-east,21379
B114210020073,B1,14,2,1,横浜市立上寺尾小学校,神奈川県横浜市鶴見区馬場３－２１－２１,2300076,2020-12-22,,140031,,B1(小学校),14(神奈川),2(公),1(本),mext-2025-east,21380
B114210020082,B1,14,2,1,横浜市立岸谷小学校,神奈川県横浜市鶴見区岸谷１－６－１,2300078,2020-12-22,,140022,,B1(小学校),14(神奈川),2(公),1(本),mext-2025-east,21381
B114210020091,B1,14,2,1,横浜市立駒岡小学校,神奈川県横浜市鶴見区駒岡３－１４－１,2300071,2020-12-22,,140029,,B1(小学校),14(神奈川),2(公),1(本),mext-2025-east,21382
B114210020108,B1,14,2,1,横浜市立汐入小学校,神奈川県横浜市鶴見区汐入町２－３６,2300043,2020-12-22,,140027,,B1(小学校),14(神奈川),2(公),1(本),mext-2025-east,21383
B114210020117,B1,14,2,1,横浜市立獅子ケ谷小学校,神奈川県横浜市鶴見区獅子ケ谷１－１９－１,2300073,2020-12-22,,140030,,B1(小学校),14(神奈川),2(公),1(本),mext-2025-east,21384
B114210020126,B1,14,2,1,横浜市立下野谷小学校,神奈川県横浜市鶴見区下野谷町２－４９,2300047,2020-12-22,,140018,,B1(小学校),14(神奈川),2(公),1(本),mext-2025-east,21385
B114210020135,B1,14,2,1,横浜市立下末吉小学校,神奈川県横浜市鶴見区下末吉２－２５－６,2300012,2020-12-22,,140025,,B1(小学校),14(神奈川),2(公),1(本),mext-2025-east,21386
B114210020144,B1,14,2,1,横浜市立新鶴見小学校,神奈川県横浜市鶴見区江ケ崎町２－１,2300002,2020-12-22,,140032,,B1(小学校),14(神奈川),2(公),1(本),mext-2025-east,21387
B114210020153,B1,14,2,1,横浜市立末吉小学校,神奈川県横浜市鶴見区上末吉１－９－１,2300011,2020-12-22,,140011,,B1(小学校),14(神奈川),2(公),1(本),mext-2025-east,21388
B114210020162,B1,14,2,1,横浜市立鶴見小学校,神奈川県横浜市鶴見区鶴見中央３－１９－１,2300051,2020-12-22,,140020,,B1(小学校),14(神奈川),2(公),1(本),mext-2025-east,21389
B114210020171,B1,14,2,1,横浜市立寺尾小学校,神奈川県横浜市鶴見区東寺尾５－１９－１,2300077,2020-12-22,,140026,,B1(小学校),14(神奈川),2(公),1(本),mext-2025-east,21390
B114210020180,B1,14,2,1,横浜市立豊岡小学校,神奈川県横浜市鶴見区豊岡町２７－１,2300062,2020-12-22,,140017,,B1(小学校),14(神奈川),2(公),1(本),mext-2025-east,21391
B114210020199,B1,14,2,1,横浜市立生麦小学校,神奈川県横浜市鶴見区生麦４－１５－１,2300052,2020-12-22,,140016,,B1(小学校),14(神奈川),2(公),1(本),mext-2025-east,21392
B114210020206,B1,14,2,1,横浜市立馬場小学校,神奈川県横浜市鶴見区馬場７－２０－１,2300076,2020-12-22,,140028,,B1(小学校),14(神奈川),2(公),1(本),mext-2025-east,21393
B114210020215,B1,14,2,1,横浜市立東台小学校,神奈川県横浜市鶴見区東寺尾東台１２－１,2300018,2020-12-22,,140014,,B1(小学校),14(神奈川),2(公),1(本),mext-2025-east,21394
B114210020224,B1,14,2,1,横浜市立平安小学校,神奈川県横浜市鶴見区平安町２－９－１,2300031,2020-12-22,,140021,,B1(小学校),14(神奈川),2(公),1(本),mext-2025-east,21395
B114210020233,B1,14,2,1,横浜市立矢向小学校,神奈川県横浜市鶴見区矢向３－８－１,2300001,2020-12-22,,140023,,B1(小学校),14(神奈川),2(公),1(本),mext-2025-east,21396
B114210020242,B1,14,2,1,横浜市立青木小学校,神奈川県横浜市神奈川区桐畑１７,2210832,2020-12-22,,140042,,B1(小学校),14(神奈川),2(公),1(本),mext-2025-east,21397
B114210020251,B1,14,2,9,横浜市立池上小学校,神奈川県横浜市神奈川区菅田町１３９３,2210864,2020-12-22,2021-05-27,140047,B114210023418,B1(小学校),14(神奈川),2(公),9(廃),mext-2025-east,21398
B114210020260,B1,14,2,1,横浜市立浦島小学校,神奈川県横浜市神奈川区浦島丘１６,2210062,2020-12-22,,140046,,B1(小学校),14(神奈川),2(公),1(本),mext-2025-east,21399
B114210020279,B1,14,2,1,横浜市立大口台小学校,神奈川県横浜市神奈川区大口仲町４６０,2210003,2020-12-22,,140053,,B1(小学校),14(神奈川),2(公),1(本),mext-2025-east,21400
B114210020288,B1,14,2,1,横浜市立神奈川小学校,神奈川県横浜市神奈川区東神奈川２－３５－１,2210044,2020-12-22,,140043,,B1(小学校),14(神奈川),2(公),1(本),mext-2025-east,21401
B114210020297,B1,14,2,1,横浜市立神橋小学校,神奈川県横浜市神奈川区六角橋２－３４－１９,2210802,2020-12-22,,140044,,B1(小学校),14(神奈川),2(公),1(本),mext-2025-east,21402
B114210020304,B1,14,2,1,横浜市立神大寺小学校,神奈川県横浜市神奈川区神大寺３－３４－１,2210801,2020-12-22,,140054,,B1(小学校),14(神奈川),2(公),1(本),mext-2025-east,21403
B114210020313,B1,14,2,1,横浜市立幸ケ谷小学校,神奈川県横浜市神奈川区幸ケ谷１－１,2210051,2020-12-22,,140048,,B1(小学校),14(神奈川),2(公),1(本),mext-2025-east,21404
B114210020322,B1,14,2,1,横浜市立子安小学校,神奈川県横浜市神奈川区新子安１－３６－１,2210013,2020-12-22,,140041,,B1(小学校),14(神奈川),2(公),1(本),mext-2025-east,21405
B114210020331,B1,14,2,1,横浜市立斎藤分小学校,神奈川県横浜市神奈川区斎藤分町３４－１,2210811,2020-12-22,,140051,,B1(小学校),14(神奈川),2(公),1(本),mext-2025-east,21406
B114210020340,B1,14,2,1,横浜市立白幡小学校,神奈川県横浜市神奈川区白幡上町１１－１,2210075,2020-12-22,,140050,,B1(小学校),14(神奈川),2(公),1(本),mext-2025-east,21407
B114210020359,B1,14,2,9,横浜市立菅田小学校,神奈川県横浜市神奈川区菅田町６７４,2210864,2020-12-22,2021-05-27,140058,B114210023418,B1(小学校),14(神奈川),2(公),9(廃),mext-2025-east,21408
B114210020368,B1,14,2,1,横浜市立中丸小学校,神奈川県横浜市神奈川区神大寺３－１７－１,2210801,2020-12-22,,140056,,B1(小学校),14(神奈川),2(公),1(本),mext-2025-east,21409
B114210020377,B1,14,2,1,横浜市立西寺尾小学校,神奈川県横浜市神奈川区西寺尾２－５－１,2210001,2020-12-22,,140052,,B1(小学校),14(神奈川),2(公),1(本),mext-2025-east,21410
B114210020386,B1,14,2,1,横浜市立西寺尾第二小学校,神奈川県横浜市神奈川区西寺尾２－１５－１,2210001,2020-12-22,,140055,,B1(小学校),14(神奈川),2(公),1(本),mext-2025-east,21411
B114210020395,B1,14,2,1,横浜市立羽沢小学校,神奈川県横浜市神奈川区羽沢町９３５,2210863,2020-12-22,,140057,,B1(小学校),14(神奈川),2(公),1(本),mext-2025-east,21412
B114210020402,B1,14,2,1,横浜市立二谷小学校,神奈川県横浜市神奈川区平川町１１－１,2210812,2020-12-22,,140045,,B1(小学校),14(神奈川),2(公),1(本),mext-2025-east,21413
B114210020411,B1,14,2,1,横浜市立三ツ沢小学校,神奈川県横浜市神奈川区三ツ沢中町４－１７,2210851,2020-12-22,,140049,,B1(小学校),14(神奈川),2(公),1(本),mext-2025-east,21414
B114210020420,B1,14,2,1,横浜市立南神大寺小学校,神奈川県横浜市神奈川区神大寺２－９－１６,2210801,2020-12-22,,140059,,B1(小学校),14(神奈川),2(公),1(本),mext-2025-east,21415
B114210020439,B1,14,2,1,横浜市立東小学校,神奈川県横浜市西区東ケ丘５９,2200033,2020-12-22,,140072,,B1(小学校),14(神奈川),2(公),1(本),mext-2025-east,21416
B114210020448,B1,14,2,1,横浜市立一本松小学校,神奈川県横浜市西区西戸部町１－１１５,2200046,2020-12-22,,140075,,B1(小学校),14(神奈川),2(公),1(本),mext-2025-east,21417
B114210020457,B1,14,2,1,横浜市立稲荷台小学校,神奈川県横浜市西区藤棚町２－２２０,2200053,2020-12-22,,140077,,B1(小学校),14(神奈川),2(公),1(本),mext-2025-east,21418
B114210020466,B1,14,2,1,横浜市立浅間台小学校,神奈川県横浜市西区浅間町３－２３７,2200072,2020-12-22,,140078,,B1(小学校),14(神奈川),2(公),1(本),mext-2025-east,21419
B114210020475,B1,14,2,1,横浜市立戸部小学校,神奈川県横浜市西区伊勢町２－１１５,2200045,2020-12-22,,140071,,B1(小学校),14(神奈川),2(公),1(本),mext-2025-east,21420
B114210020484,B1,14,2,1,横浜市立西前小学校,神奈川県横浜市西区中央２－２７－７,2200051,2020-12-22,,140076,,B1(小学校),14(神奈川),2(公),1(本),mext-2025-east,21421
B114210020493,B1,14,2,1,横浜市立平沼小学校,神奈川県横浜市西区平沼２－１１－３６,2200023,2020-12-22,,140073,,B1(小学校),14(神奈川),2(公),1(本),mext-2025-east,21422
B114210020509,B1,14,2,1,横浜市立みなとみらい本町小学校,神奈川県横浜市西区高島１－２－３,2200011,2020-12-22,,140079,,B1(小学校),14(神奈川),2(公),1(本),mext-2025-east,21423
B114210020518,B1,14,2,1,横浜市立宮谷小学校,神奈川県横浜市西区宮ケ谷６－７,2200006,2020-12-22,,140074,,B1(小学校),14(神奈川),2(公),1(本),mext-2025-east,21424
B114210020527,B1,14,2,1,横浜市立大鳥小学校,神奈川県横浜市中区本牧町１－２５１,2310806,2020-12-22,,140095,,B1(小学校),14(神奈川),2(公),1(本),mext-2025-east,21425
B114210020536,B1,14,2,1,横浜市立北方小学校,神奈川県横浜市中区諏訪町２９,2310863,2020-12-22,,140091,,B1(小学校),14(神奈川),2(公),1(本),mext-2025-east,21426
B114210020545,B1,14,2,1,横浜市立立野小学校,神奈川県横浜市中区立野７６,2310845,2020-12-22,,140094,,B1(小学校),14(神奈川),2(公),1(本),mext-2025-east,21427
B114210020554,B1,14,2,1,横浜市立本町小学校,神奈川県横浜市中区花咲町３－８６,2310063,2020-12-22,,140093,,B1(小学校),14(神奈川),2(公),1(本),mext-2025-east,21428
B114210020563,B1,14,2,1,横浜市立本牧小学校,神奈川県横浜市中区本牧和田５－１,2310827,2020-12-22,,140099,,B1(小学校),14(神奈川),2(公),1(本),mext-2025-east,21429
B114210020572,B1,14,2,1,横浜市立本牧南小学校,神奈川県横浜市中区本牧元町４４－１,2310822,2020-12-22,,140098,,B1(小学校),14(神奈川),2(公),1(本),mext-2025-east,21430
B114210020581,B1,14,2,1,横浜市立間門小学校,神奈川県横浜市中区本牧間門２９－１,2310825,2020-12-22,,140097,,B1(小学校),14(神奈川),2(公),1(本),mext-2025-east,21431
B114210020590,B1,14,2,1,横浜市立元街小学校,神奈川県横浜市中区山手町３６,2310862,2020-12-22,,140092,,B1(小学校),14(神奈川),2(公),1(本),mext-2025-east,21432
B114210020607,B1,14,2,1,横浜市立山元小学校,神奈川県横浜市中区山元町３－１５２,2310851,2020-12-22,,140096,,B1(小学校),14(神奈川),2(公),1(本),mext-2025-east,21433
B114210020616,B1,14,2,1,横浜市立石川小学校,神奈川県横浜市南区中村町１－６６,2320033,2020-12-22,,140111,,B1(小学校),14(神奈川),2(公),1(本),mext-2025-east,21434
B114210020625,B1,14,2,1,横浜市立井土ケ谷小学校,神奈川県横浜市南区井土ケ谷上町２－１,2320051,2020-12-22,,140117,,B1(小学校),14(神奈川),2(公),1(本),mext-2025-east,21435
B114210020634,B1,14,2,1,横浜市立大岡小学校,神奈川県横浜市南区大橋町３－４９,2320054,2020-12-22,,140112,,B1(小学校),14(神奈川),2(公),1(本),mext-2025-east,21436
B114210020643,B1,14,2,1,横浜市立太田小学校,神奈川県横浜市南区三春台４２,2320002,2020-12-22,,140113,,B1(小学校),14(神奈川),2(公),1(本),mext-2025-east,21437
B114210020652,B1,14,2,1,横浜市立永田小学校,神奈川県横浜市南区永田北２－６－１２,2320071,2020-12-22,,140121,,B1(小学校),14(神奈川),2(公),1(本),mext-2025-east,21438
B114210020661,B1,14,2,1,横浜市立永田台小学校,神奈川県横浜市南区永田みなみ台６－１,2320075,2020-12-22,,140124,,B1(小学校),14(神奈川),2(公),1(本),mext-2025-east,21439
B114210020670,B1,14,2,1,横浜市立中村小学校,神奈川県横浜市南区中村町４－２６９－１,2320033,2020-12-22,,140119,,B1(小学校),14(神奈川),2(公),1(本),mext-2025-east,21440
B114210020689,B1,14,2,1,横浜市立日枝小学校,神奈川県横浜市南区山王町５－３１,2320013,2020-12-22,,140115,,B1(小学校),14(神奈川),2(公),1(本),mext-2025-east,21441
B114210020698,B1,14,2,1,横浜市立藤の木小学校,神奈川県横浜市南区大岡４－１０－１,2320061,2020-12-22,,140123,,B1(小学校),14(神奈川),2(公),1(本),mext-2025-east,21442
B114210020705,B1,14,2,1,横浜市立別所小学校,神奈川県横浜市南区別所６－３－１,2320064,2020-12-22,,140126,,B1(小学校),14(神奈川),2(公),1(本),mext-2025-east,21443
B114210020714,B1,14,2,1,横浜市立蒔田小学校,神奈川県横浜市南区蒔田町１０２０,2320043,2020-12-22,,140118,,B1(小学校),14(神奈川),2(公),1(本),mext-2025-east,21444
B114210020723,B1,14,2,1,横浜市立南小学校,神奈川県横浜市南区中里１－６－１６,2320063,2020-12-22,,140120,,B1(小学校),14(神奈川),2(公),1(本),mext-2025-east,21445
B114210020732,B1,14,2,1,横浜市立南太田小学校,神奈川県横浜市南区南太田１－１７－１,2320006,2020-12-22,,140116,,B1(小学校),14(神奈川),2(公),1(本),mext-2025-east,21446
B114210020741,B1,14,2,1,横浜市立南吉田小学校,神奈川県横浜市南区高根町２－１４,2320022,2020-12-22,,140114,,B1(小学校),14(神奈川),2(公),1(本),mext-2025-east,21447
B114210020750,B1,14,2,1,横浜市立六つ川小学校,神奈川県横浜市南区六ツ川３－４－１２,2320066,2020-12-22,,140122,,B1(小学校),14(神奈川),2(公),1(本),mext-2025-east,21448
B114210020769,B1,14,2,1,横浜市立六つ川台小学校,神奈川県横浜市南区六ツ川３－６５－９,2320066,2020-12-22,,140125,,B1(小学校),14(神奈川),2(公),1(本),mext-2025-east,21449
B114210020778,B1,14,2,1,横浜市立六つ川西小学校,神奈川県横浜市南区六ツ川２－１５６－１,2320066,2020-12-22,,140127,,B1(小学校),14(神奈川),2(公),1(本),mext-2025-east,21450
B114210020787,B1,14,2,1,横浜市立上大岡小学校,神奈川県横浜市港南区上大岡東３－１１－１,2330001,2020-12-22,,140149,,B1(小学校),14(神奈川),2(公),1(本),mext-2025-east,21451
B114210020796,B1,14,2,1,横浜市立港南台第一小学校,神奈川県横浜市港南区港南台６－７－１,2340054,2020-12-22,,140153,,B1(小学校),14(神奈川),2(公),1(本),mext-2025-east,21452
B114210020803,B1,14,2,1,横浜市立港南台第二小学校,神奈川県横浜市港南区港南台５－４－１,2340054,2020-12-22,,140158,,B1(小学校),14(神奈川),2(公),1(本),mext-2025-east,21453
B114210020812,B1,14,2,1,横浜市立港南台第三小学校,神奈川県横浜市港南区港南台２－１４－１,2340054,2020-12-22,,140159,,B1(小学校),14(神奈川),2(公),1(本),mext-2025-east,21454
B114210020821,B1,14,2,1,横浜市立小坪小学校,神奈川県横浜市港南区港南台４－１１－１,2340054,2020-12-22,,140162,,B1(小学校),14(神奈川),2(公),1(本),mext-2025-east,21455
B114210020830,B1,14,2,1,横浜市立桜岡小学校,神奈川県横浜市港南区大久保１－６－４３,2330007,2020-12-22,,140144,,B1(小学校),14(神奈川),2(公),1(本),mext-2025-east,21456
B114210020849,B1,14,2,1,横浜市立下永谷小学校,神奈川県横浜市港南区東永谷１－３６－１,2330011,2020-12-22,,140148,,B1(小学校),14(神奈川),2(公),1(本),mext-2025-east,21457
B114210020858,B1,14,2,1,横浜市立下野庭小学校,神奈川県横浜市港南区野庭町６０２,2340056,2020-12-22,,140155,,B1(小学校),14(神奈川),2(公),1(本),mext-2025-east,21458
B114210020867,B1,14,2,1,横浜市立芹が谷小学校,神奈川県横浜市港南区芹が谷３－３２－１,2330006,2020-12-22,,140146,,B1(小学校),14(神奈川),2(公),1(本),mext-2025-east,21459
B114210020876,B1,14,2,1,横浜市立芹が谷南小学校,神奈川県横浜市港南区芹が谷４－２２－１,2330006,2020-12-22,,140151,,B1(小学校),14(神奈川),2(公),1(本),mext-2025-east,21460
B114210020885,B1,14,2,1,横浜市立相武山小学校,神奈川県横浜市港南区上永谷１－７－５,2330012,2020-12-22,,140156,,B1(小学校),14(神奈川),2(公),1(本),mext-2025-east,21461
B114210020894,B1,14,2,1,横浜市立永野小学校,神奈川県横浜市港南区上永谷２－２１－１０,2330012,2020-12-22,,140142,,B1(小学校),14(神奈川),2(公),1(本),mext-2025-east,21462
B114210020901,B1,14,2,1,横浜市立永谷小学校,神奈川県横浜市港南区下永谷５－４８－１５,2330016,2020-12-22,,140157,,B1(小学校),14(神奈川),2(公),1(本),mext-2025-east,21463
B114210020910,B1,14,2,1,横浜市立野庭すずかけ小学校,神奈川県横浜市港南区野庭町３４６－２,2340056,2020-12-22,,140163,,B1(小学校),14(神奈川),2(公),1(本),mext-2025-east,21464
B114210020929,B1,14,2,1,横浜市立日限山小学校,神奈川県横浜市港南区日限山２－１６－１,2330015,2020-12-22,,140152,,B1(小学校),14(神奈川),2(公),1(本),mext-2025-east,21465
B114210020938,B1,14,2,1,横浜市立日下小学校,神奈川県横浜市港南区笹下３－９－１,2340052,2020-12-22,,140143,,B1(小学校),14(神奈川),2(公),1(本),mext-2025-east,21466
B114210020947,B1,14,2,1,横浜市立日野小学校,神奈川県横浜市港南区日野７－１１－１,2340051,2020-12-22,,140141,,B1(小学校),14(神奈川),2(公),1(本),mext-2025-east,21467
B114210020956,B1,14,2,1,横浜市立日野南小学校,神奈川県横浜市港南区日野南６－３５－１,2340055,2020-12-22,,140154,,B1(小学校),14(神奈川),2(公),1(本),mext-2025-east,21468
B114210020965,B1,14,2,1,横浜市立丸山台小学校,神奈川県横浜市港南区丸山台３－８－１,2330013,2020-12-22,,140160,,B1(小学校),14(神奈川),2(公),1(本),mext-2025-east,21469
B114210020974,B1,14,2,1,横浜市立南台小学校,神奈川県横浜市港南区港南５－６－１,2330003,2020-12-22,,140145,,B1(小学校),14(神奈川),2(公),1(本),mext-2025-east,21470
B114210020983,B1,14,2,1,横浜市立吉原小学校,神奈川県横浜市港南区日野２－２０－４０,2340051,2020-12-22,,140147,,B1(小学校),14(神奈川),2(公),1(本),mext-2025-east,21471
B114210020992,B1,14,2,1,横浜市立新井小学校,神奈川県横浜市保土ケ谷区上菅田町１５７４－１,2400051,2020-12-22,,140195,,B1(小学校),14(神奈川),2(公),1(本),mext-2025-east,21472
B114210021009,B1,14,2,2,横浜市立新井小学校桜坂分校,神奈川県横浜市保土ケ谷区新井町５８０,2400053,2020-12-22,,140203,,B1(小学校),14(神奈川),2(公),2(分),mext-2025-east,21473
B114210021018,B1,14,2,1,横浜市立今井小学校,神奈川県横浜市保土ケ谷区今井町９８１－１,2400035,2020-12-22,,140184,,B1(小学校),14(神奈川),2(公),1(本),mext-2025-east,21474
B114210021027,B1,14,2,1,横浜市立岩崎小学校,神奈川県横浜市保土ケ谷区岩崎町２２－１,2400015,2020-12-22,,140187,,B1(小学校),14(神奈川),2(公),1(本),mext-2025-east,21475
B114210021036,B1,14,2,1,横浜市立帷子小学校,神奈川県横浜市保土ケ谷区川辺町６５－１,2400001,2020-12-22,,140185,,B1(小学校),14(神奈川),2(公),1(本),mext-2025-east,21476
B114210021045,B1,14,2,1,横浜市立上菅田笹の丘小学校,神奈川県横浜市保土ケ谷区上菅田町１３４－１,2400051,2020-12-22,,140204,,B1(小学校),14(神奈川),2(公),1(本),mext-2025-east,21477
B114210021054,B1,14,2,1,横浜市立上星川小学校,神奈川県横浜市保土ケ谷区上星川２－５１－１,2400042,2020-12-22,,140194,,B1(小学校),14(神奈川),2(公),1(本),mext-2025-east,21478
B114210021063,B1,14,2,1,横浜市立川島小学校,神奈川県横浜市保土ケ谷区川島町１１６２,2400045,2020-12-22,,140183,,B1(小学校),14(神奈川),2(公),1(本),mext-2025-east,21479
B114210021072,B1,14,2,1,横浜市立権太坂小学校,神奈川県横浜市保土ケ谷区権太坂２－４－１,2400026,2020-12-22,,140202,,B1(小学校),14(神奈川),2(公),1(本),mext-2025-east,21480
B114210021081,B1,14,2,1,横浜市立坂本小学校,神奈川県横浜市保土ケ谷区坂本町６,2400043,2020-12-22,,140197,,B1(小学校),14(神奈川),2(公),1(本),mext-2025-east,21481
B114210021090,B1,14,2,1,横浜市立桜台小学校,神奈川県横浜市保土ケ谷区桜ケ丘１－１３－１,2400011,2020-12-22,,140189,,B1(小学校),14(神奈川),2(公),1(本),mext-2025-east,21482
B114210021107,B1,14,2,1,横浜市立瀬戸ケ谷小学校,神奈川県横浜市保土ケ谷区瀬戸ケ谷町２４３,2400024,2020-12-22,,140200,,B1(小学校),14(神奈川),2(公),1(本),mext-2025-east,21483
B114210021116,B1,14,2,1,横浜市立常盤台小学校,神奈川県横浜市保土ケ谷区釜台町２２－１,2400066,2020-12-22,,140190,,B1(小学校),14(神奈川),2(公),1(本),mext-2025-east,21484
B114210021125,B1,14,2,1,横浜市立初音が丘小学校,神奈川県横浜市保土ケ谷区藤塚町１－１,2400031,2020-12-22,,140192,,B1(小学校),14(神奈川),2(公),1(本),mext-2025-east,21485
B114210021134,B1,14,2,1,横浜市立藤塚小学校,神奈川県横浜市保土ケ谷区新桜ケ丘１－２２－１,2400036,2020-12-22,,140199,,B1(小学校),14(神奈川),2(公),1(本),mext-2025-east,21486
B114210021143,B1,14,2,1,横浜市立富士見台小学校,神奈川県横浜市保土ケ谷区岩井町３０７,2400023,2020-12-22,,140188,,B1(小学校),14(神奈川),2(公),1(本),mext-2025-east,21487
B114210021152,B1,14,2,1,横浜市立仏向小学校,神奈川県横浜市保土ケ谷区仏向町８４５,2400044,2020-12-22,,140193,,B1(小学校),14(神奈川),2(公),1(本),mext-2025-east,21488
B114210021161,B1,14,2,1,横浜市立星川小学校,神奈川県横浜市保土ケ谷区星川３－１８－１,2400006,2020-12-22,,140181,,B1(小学校),14(神奈川),2(公),1(本),mext-2025-east,21489
B114210021170,B1,14,2,1,横浜市立保土ケ谷小学校,神奈川県横浜市保土ケ谷区神戸町１２９－４,2400005,2020-12-22,,140182,,B1(小学校),14(神奈川),2(公),1(本),mext-2025-east,21490
B114210021189,B1,14,2,1,横浜市立峯小学校,神奈川県横浜市保土ケ谷区峰岡町１－１０,2400064,2020-12-22,,140186,,B1(小学校),14(神奈川),2(公),1(本),mext-2025-east,21491
B114210021198,B1,14,2,1,横浜市立市沢小学校,神奈川県横浜市旭区市沢町７８１,2410014,2020-12-22,,140212,,B1(小学校),14(神奈川),2(公),1(本),mext-2025-east,21492
B114210021205,B1,14,2,1,横浜市立今宿小学校,神奈川県横浜市旭区今宿東町８２９,2410032,2020-12-22,,140219,,B1(小学校),14(神奈川),2(公),1(本),mext-2025-east,21493
B114210021214,B1,14,2,1,横浜市立今宿南小学校,神奈川県横浜市旭区今宿南町１８７９－２,2410034,2020-12-22,,140236,,B1(小学校),14(神奈川),2(公),1(本),mext-2025-east,21494
B114210021223,B1,14,2,1,横浜市立上川井小学校,神奈川県横浜市旭区上川井町２９１３,2410802,2020-12-22,,140221,,B1(小学校),14(神奈川),2(公),1(本),mext-2025-east,21495
B114210021232,B1,14,2,1,横浜市立上白根小学校,神奈川県横浜市旭区上白根２－４５－１,2410002,2020-12-22,,140230,,B1(小学校),14(神奈川),2(公),1(本),mext-2025-east,21496
B114210021241,B1,14,2,1,横浜市立川井小学校,神奈川県横浜市旭区川井宿町３２－２,2410804,2020-12-22,,140228,,B1(小学校),14(神奈川),2(公),1(本),mext-2025-east,21497
B114210021250,B1,14,2,1,横浜市立希望ケ丘小学校,神奈川県横浜市旭区中希望が丘１２４,2410825,2020-12-22,,140215,,B1(小学校),14(神奈川),2(公),1(本),mext-2025-east,21498
B114210021269,B1,14,2,1,横浜市立左近山小学校,神奈川県横浜市旭区左近山１９９７－２,2410831,2020-12-22,,140241,,B1(小学校),14(神奈川),2(公),1(本),mext-2025-east,21499
B114210021278,B1,14,2,1,横浜市立笹野台小学校,神奈川県横浜市旭区笹野台４－４８－１,2410816,2020-12-22,,140224,,B1(小学校),14(神奈川),2(公),1(本),mext-2025-east,21500
B114210021287,B1,14,2,1,横浜市立さちが丘小学校,神奈川県横浜市旭区さちが丘１１０－１,2410822,2020-12-22,,140222,,B1(小学校),14(神奈川),2(公),1(本),mext-2025-east,21501
B114210021296,B1,14,2,1,横浜市立四季の森小学校,神奈川県横浜市旭区上白根町９０１,2410001,2020-12-22,,140240,,B1(小学校),14(神奈川),2(公),1(本),mext-2025-east,21502
B114210021303,B1,14,2,1,横浜市立白根小学校,神奈川県横浜市旭区中白根１－９－１,2410004,2020-12-22,,140213,,B1(小学校),14(神奈川),2(公),1(本),mext-2025-east,21503
B114210021312,B1,14,2,1,横浜市立善部小学校,神奈川県横浜市旭区善部町４－１,2410823,2020-12-22,,140234,,B1(小学校),14(神奈川),2(公),1(本),mext-2025-east,21504
B114210021321,B1,14,2,1,横浜市立都岡小学校,神奈川県横浜市旭区都岡町４－８,2410805,2020-12-22,,140214,,B1(小学校),14(神奈川),2(公),1(本),mext-2025-east,21505
B114210021330,B1,14,2,1,横浜市立鶴ケ峯小学校,神奈川県横浜市旭区鶴ケ峰１－４２,2410022,2020-12-22,,140216,,B1(小学校),14(神奈川),2(公),1(本),mext-2025-east,21506
B114210021349,B1,14,2,1,横浜市立中尾小学校,神奈川県横浜市旭区中尾１－８－１,2410815,2020-12-22,,140233,,B1(小学校),14(神奈川),2(公),1(本),mext-2025-east,21507
B114210021358,B1,14,2,1,横浜市立中沢小学校,神奈川県横浜市旭区中沢３－２５－１,2410814,2020-12-22,,140226,,B1(小学校),14(神奈川),2(公),1(本),mext-2025-east,21508
B114210021367,B1,14,2,1,横浜市立東希望が丘小学校,神奈川県横浜市旭区東希望が丘１５５,2410826,2020-12-22,,140220,,B1(小学校),14(神奈川),2(公),1(本),mext-2025-east,21509
B114210021376,B1,14,2,1,横浜市立二俣川小学校,神奈川県横浜市旭区二俣川１－３３,2410821,2020-12-22,,140211,,B1(小学校),14(神奈川),2(公),1(本),mext-2025-east,21510
B114210021385,B1,14,2,1,横浜市立不動丸小学校,神奈川県横浜市旭区白根３－３３－１,2410005,2020-12-22,,140229,,B1(小学校),14(神奈川),2(公),1(本),mext-2025-east,21511
B114210021394,B1,14,2,1,横浜市立本宿小学校,神奈川県横浜市旭区本宿町１６,2410023,2020-12-22,,140217,,B1(小学校),14(神奈川),2(公),1(本),mext-2025-east,21512
B114210021401,B1,14,2,1,横浜市立万騎が原小学校,神奈川県横浜市旭区大池町６６,2410834,2020-12-22,,140218,,B1(小学校),14(神奈川),2(公),1(本),mext-2025-east,21513
B114210021410,B1,14,2,1,横浜市立南本宿小学校,神奈川県横浜市旭区南本宿町７９,2410833,2020-12-22,,140231,,B1(小学校),14(神奈川),2(公),1(本),mext-2025-east,21514
B114210021429,B1,14,2,1,横浜市立若葉台小学校,神奈川県横浜市旭区若葉台２－１４－１,2410801,2020-12-22,,140239,,B1(小学校),14(神奈川),2(公),1(本),mext-2025-east,21515
B114210021438,B1,14,2,1,横浜市立磯子小学校,神奈川県横浜市磯子区久木町１１－１,2350015,2020-12-22,,140251,,B1(小学校),14(神奈川),2(公),1(本),mext-2025-east,21516
B114210021447,B1,14,2,1,横浜市立岡村小学校,神奈川県横浜市磯子区岡村４－７－１,2350021,2020-12-22,,140259,,B1(小学校),14(神奈川),2(公),1(本),mext-2025-east,21517
B114210021456,B1,14,2,1,横浜市立さわの里小学校,神奈川県横浜市磯子区上中里町５４８,2350042,2020-12-22,,140269,,B1(小学校),14(神奈川),2(公),1(本),mext-2025-east,21518
B114210021465,B1,14,2,1,横浜市立山王台小学校,神奈川県横浜市磯子区磯子５－２－１,2350016,2020-12-22,,140267,,B1(小学校),14(神奈川),2(公),1(本),mext-2025-east,21519
B114210021474,B1,14,2,1,横浜市立汐見台小学校,神奈川県横浜市磯子区汐見台３－６,2350022,2020-12-22,,140260,,B1(小学校),14(神奈川),2(公),1(本),mext-2025-east,21520
B114210021483,B1,14,2,1,横浜市立杉田小学校,神奈川県横浜市磯子区杉田１－８－１,2350033,2020-12-22,,140252,,B1(小学校),14(神奈川),2(公),1(本),mext-2025-east,21521
B114210021492,B1,14,2,1,横浜市立滝頭小学校,神奈川県横浜市磯子区丸山２－２５－１,2350011,2020-12-22,,140254,,B1(小学校),14(神奈川),2(公),1(本),mext-2025-east,21522
B114210021508,B1,14,2,1,横浜市立根岸小学校,神奈川県横浜市磯子区西町２－４６,2350007,2020-12-22,,140253,,B1(小学校),14(神奈川),2(公),1(本),mext-2025-east,21523
B114210021517,B1,14,2,1,横浜市立梅林小学校,神奈川県横浜市磯子区杉田５－１３－１,2350033,2020-12-22,,140258,,B1(小学校),14(神奈川),2(公),1(本),mext-2025-east,21524
B114210021526,B1,14,2,1,横浜市立浜小学校,神奈川県横浜市磯子区磯子台２３－１,2350019,2020-12-22,,140255,,B1(小学校),14(神奈川),2(公),1(本),mext-2025-east,21525
B114210021535,B1,14,2,1,横浜市立屏風浦小学校,神奈川県横浜市磯子区森３－１１－１,2350023,2020-12-22,,140257,,B1(小学校),14(神奈川),2(公),1(本),mext-2025-east,21526
B114210021544,B1,14,2,1,横浜市立森東小学校,神奈川県横浜市磯子区森１－４,2350023,2020-12-22,,140266,,B1(小学校),14(神奈川),2(公),1(本),mext-2025-east,21527
B114210021553,B1,14,2,1,横浜市立洋光台第一小学校,神奈川県横浜市磯子区洋光台１－４－１,2350045,2020-12-22,,140261,,B1(小学校),14(神奈川),2(公),1(本),mext-2025-east,21528
B114210021562,B1,14,2,1,横浜市立洋光台第二小学校,神奈川県横浜市磯子区洋光台４－１５－１,2350045,2020-12-22,,140262,,B1(小学校),14(神奈川),2(公),1(本),mext-2025-east,21529
B114210021571,B1,14,2,1,横浜市立洋光台第三小学校,神奈川県横浜市磯子区洋光台２－４－１,2350045,2020-12-22,,140264,,B1(小学校),14(神奈川),2(公),1(本),mext-2025-east,21530
B114210021580,B1,14,2,1,横浜市立洋光台第四小学校,神奈川県横浜市磯子区洋光台６－６－１,2350045,2020-12-22,,140265,,B1(小学校),14(神奈川),2(公),1(本),mext-2025-east,21531
B114210021599,B1,14,2,1,横浜市立朝比奈小学校,神奈川県横浜市金沢区東朝比奈２－５３－１,2360033,2020-12-22,,140301,,B1(小学校),14(神奈川),2(公),1(本),mext-2025-east,21532
B114210021606,B1,14,2,1,横浜市立金沢小学校,神奈川県横浜市金沢区町屋町２６－２６,2360022,2020-12-22,,140291,,B1(小学校),14(神奈川),2(公),1(本),mext-2025-east,21533
B114210021615,B1,14,2,1,横浜市立釜利谷小学校,神奈川県横浜市金沢区釜利谷東６－３７－１,2360042,2020-12-22,,140293,,B1(小学校),14(神奈川),2(公),1(本),mext-2025-east,21534
B114210021624,B1,14,2,1,横浜市立釜利谷東小学校,神奈川県横浜市金沢区釜利谷東２－１２－１,2360042,2020-12-22,,140305,,B1(小学校),14(神奈川),2(公),1(本),mext-2025-east,21535
B114210021633,B1,14,2,1,横浜市立釜利谷南小学校,神奈川県横浜市金沢区釜利谷南４－１２－１,2360045,2020-12-22,,140310,,B1(小学校),14(神奈川),2(公),1(本),mext-2025-east,21536
B114210021642,B1,14,2,1,横浜市立小田小学校,神奈川県横浜市金沢区富岡西１－６９－１,2360052,2020-12-22,,140311,,B1(小学校),14(神奈川),2(公),1(本),mext-2025-east,21537
B114210021651,B1,14,2,1,横浜市立瀬ケ崎小学校,神奈川県横浜市金沢区六浦東３－２－１,2360037,2020-12-22,,140298,,B1(小学校),14(神奈川),2(公),1(本),mext-2025-east,21538
B114210021660,B1,14,2,1,横浜市立大道小学校,神奈川県横浜市金沢区大道２－３－１,2360035,2020-12-22,,140295,,B1(小学校),14(神奈川),2(公),1(本),mext-2025-east,21539
B114210021679,B1,14,2,1,横浜市立高舟台小学校,神奈川県横浜市金沢区高舟台１－３５－１,2360044,2020-12-22,,140303,,B1(小学校),14(神奈川),2(公),1(本),mext-2025-east,21540
B114210021688,B1,14,2,1,横浜市立富岡小学校,神奈川県横浜市金沢区富岡西７－１３－１,2360052,2020-12-22,,140294,,B1(小学校),14(神奈川),2(公),1(本),mext-2025-east,21541
B114210021697,B1,14,2,1,横浜市立並木第一小学校,神奈川県横浜市金沢区並木１－７－１,2360005,2020-12-22,,140304,,B1(小学校),14(神奈川),2(公),1(本),mext-2025-east,21542
B114210021704,B1,14,2,1,横浜市立並木第四小学校,神奈川県横浜市金沢区並木３－１０－１,2360005,2020-12-22,,140308,,B1(小学校),14(神奈川),2(公),1(本),mext-2025-east,21543
B114210021713,B1,14,2,1,横浜市立並木中央小学校,神奈川県横浜市金沢区並木１－２５－１,2360005,2020-12-22,,140314,,B1(小学校),14(神奈川),2(公),1(本),mext-2025-east,21544
B114210021722,B1,14,2,1,横浜市立西柴小学校,神奈川県横浜市金沢区西柴４－２３－１,2360017,2020-12-22,,140299,,B1(小学校),14(神奈川),2(公),1(本),mext-2025-east,21545
B114210021731,B1,14,2,1,横浜市立西富岡小学校,神奈川県横浜市金沢区富岡西５－４９－１,2360052,2020-12-22,,140300,,B1(小学校),14(神奈川),2(公),1(本),mext-2025-east,21546
B114210021740,B1,14,2,1,横浜市立能見台小学校,神奈川県横浜市金沢区能見台３－３２－１,2360057,2020-12-22,,140309,,B1(小学校),14(神奈川),2(公),1(本),mext-2025-east,21547
B114210021759,B1,14,2,1,横浜市立能見台南小学校,神奈川県横浜市金沢区能見台６－３－１,2360057,2020-12-22,,140313,,B1(小学校),14(神奈川),2(公),1(本),mext-2025-east,21548
B114210021768,B1,14,2,1,横浜市立八景小学校,神奈川県横浜市金沢区泥亀１－２１－２,2360021,2020-12-22,,140296,,B1(小学校),14(神奈川),2(公),1(本),mext-2025-east,21549
B114210021777,B1,14,2,1,横浜市立文庫小学校,神奈川県横浜市金沢区寺前２－２１－７,2360014,2020-12-22,,140297,,B1(小学校),14(神奈川),2(公),1(本),mext-2025-east,21550
B114210021786,B1,14,2,1,横浜市立六浦小学校,神奈川県横浜市金沢区六浦３－１１－１,2360031,2020-12-22,,140292,,B1(小学校),14(神奈川),2(公),1(本),mext-2025-east,21551
B114210021795,B1,14,2,1,横浜市立六浦南小学校,神奈川県横浜市金沢区六浦南３－２２－１,2360038,2020-12-22,,140312,,B1(小学校),14(神奈川),2(公),1(本),mext-2025-east,21552
B114210021802,B1,14,2,1,横浜市立大曽根小学校,神奈川県横浜市港北区大曽根２－３１－１,2220003,2020-12-22,,140332,,B1(小学校),14(神奈川),2(公),1(本),mext-2025-east,21553
B114210021811,B1,14,2,1,横浜市立大綱小学校,神奈川県横浜市港北区大倉山４－２－１,2220037,2020-12-22,,140325,,B1(小学校),14(神奈川),2(公),1(本),mext-2025-east,21554
B114210021820,B1,14,2,1,横浜市立菊名小学校,神奈川県横浜市港北区菊名５－１８－１,2220011,2020-12-22,,140329,,B1(小学校),14(神奈川),2(公),1(本),mext-2025-east,21555
B114210021839,B1,14,2,1,横浜市立北綱島小学校,神奈川県横浜市港北区綱島西５－１４－４０,2230053,2020-12-22,,140346,,B1(小学校),14(神奈川),2(公),1(本),mext-2025-east,21556
B114210021848,B1,14,2,1,横浜市立港北小学校,神奈川県横浜市港北区菊名２－１５－１,2220011,2020-12-22,,140327,,B1(小学校),14(神奈川),2(公),1(本),mext-2025-east,21557
B114210021857,B1,14,2,1,横浜市立小机小学校,神奈川県横浜市港北区小机町１３８２－１０,2220036,2020-12-22,,140349,,B1(小学校),14(神奈川),2(公),1(本),mext-2025-east,21558
B114210021866,B1,14,2,1,横浜市立駒林小学校,神奈川県横浜市港北区日吉本町２－５１－１,2230062,2020-12-22,,140341,,B1(小学校),14(神奈川),2(公),1(本),mext-2025-east,21559
B114210021875,B1,14,2,1,横浜市立篠原小学校,神奈川県横浜市港北区篠原東３－２７－１,2220022,2020-12-22,,140330,,B1(小学校),14(神奈川),2(公),1(本),mext-2025-east,21560
B114210021884,B1,14,2,1,横浜市立篠原西小学校,神奈川県横浜市港北区篠原町１２４１－１,2220026,2020-12-22,,140335,,B1(小学校),14(神奈川),2(公),1(本),mext-2025-east,21561
B114210021893,B1,14,2,1,横浜市立下田小学校,神奈川県横浜市港北区下田町４－１０－１,2230064,2020-12-22,,140331,,B1(小学校),14(神奈川),2(公),1(本),mext-2025-east,21562
B114210021900,B1,14,2,1,横浜市立城郷小学校,神奈川県横浜市港北区鳥山町８１４,2220035,2020-12-22,,140326,,B1(小学校),14(神奈川),2(公),1(本),mext-2025-east,21563
B114210021919,B1,14,2,1,横浜市立新吉田小学校,神奈川県横浜市港北区新吉田東６－４４－１,2230058,2020-12-22,,140337,,B1(小学校),14(神奈川),2(公),1(本),mext-2025-east,21564
B114210021928,B1,14,2,1,横浜市立新吉田第二小学校,神奈川県横浜市港北区新吉田町４９１－１,2230056,2020-12-22,,140347,,B1(小学校),14(神奈川),2(公),1(本),mext-2025-east,21565
B114210021937,B1,14,2,1,横浜市立高田小学校,神奈川県横浜市港北区高田町１７７４,2230063,2020-12-22,,140322,,B1(小学校),14(神奈川),2(公),1(本),mext-2025-east,21566
B114210021946,B1,14,2,1,横浜市立高田東小学校,神奈川県横浜市港北区高田東２－３３－１,2230065,2020-12-22,,140342,,B1(小学校),14(神奈川),2(公),1(本),mext-2025-east,21567
B114210021955,B1,14,2,1,横浜市立綱島小学校,神奈川県横浜市港北区綱島西３－１１－１,2230053,2020-12-22,,140328,,B1(小学校),14(神奈川),2(公),1(本),mext-2025-east,21568
B114210021964,B1,14,2,1,横浜市立綱島東小学校,神奈川県横浜市港北区綱島東３－１－３０,2230052,2020-12-22,,140338,,B1(小学校),14(神奈川),2(公),1(本),mext-2025-east,21569
B114210021973,B1,14,2,1,横浜市立新田小学校,神奈川県横浜市港北区新吉田町３２２６,2230056,2020-12-22,,140324,,B1(小学校),14(神奈川),2(公),1(本),mext-2025-east,21570
B114210021982,B1,14,2,1,横浜市立新羽小学校,神奈川県横浜市港北区新羽町１４５２－２,2230057,2020-12-22,,140345,,B1(小学校),14(神奈川),2(公),1(本),mext-2025-east,21571
B114210021991,B1,14,2,1,横浜市立日吉台小学校,神奈川県横浜市港北区日吉本町１－３４－２１,2230062,2020-12-22,,140321,,B1(小学校),14(神奈川),2(公),1(本),mext-2025-east,21572
B114210022008,B1,14,2,1,横浜市立日吉南小学校,神奈川県横浜市港北区日吉本町４－２－６,2230062,2020-12-22,,140333,,B1(小学校),14(神奈川),2(公),1(本),mext-2025-east,21573
B114210022017,B1,14,2,1,横浜市立太尾小学校,神奈川県横浜市港北区大倉山７－３４－１,2220037,2020-12-22,,140344,,B1(小学校),14(神奈川),2(公),1(本),mext-2025-east,21574
B114210022026,B1,14,2,1,横浜市立大豆戸小学校,神奈川県横浜市港北区大豆戸町７５９,2220032,2020-12-22,,140348,,B1(小学校),14(神奈川),2(公),1(本),mext-2025-east,21575
B114210022035,B1,14,2,1,横浜市立箕輪小学校,神奈川県横浜市港北区箕輪町２－７－１,2230051,2020-12-22,,140352,,B1(小学校),14(神奈川),2(公),1(本),mext-2025-east,21576
B114210022044,B1,14,2,1,横浜市立師岡小学校,神奈川県横浜市港北区師岡町９８６,2220002,2020-12-22,,140339,,B1(小学校),14(神奈川),2(公),1(本),mext-2025-east,21577
B114210022053,B1,14,2,1,横浜市立矢上小学校,神奈川県横浜市港北区日吉３－２３－１,2230061,2020-12-22,,140340,,B1(小学校),14(神奈川),2(公),1(本),mext-2025-east,21578
B114210022062,B1,14,2,1,横浜市立いぶき野小学校,神奈川県横浜市緑区いぶき野１４－１,2260028,2020-12-22,,140432,,B1(小学校),14(神奈川),2(公),1(本),mext-2025-east,21579
B114210022071,B1,14,2,1,横浜市立上山小学校,神奈川県横浜市緑区上山２－５－１,2260012,2020-12-22,,140410,,B1(小学校),14(神奈川),2(公),1(本),mext-2025-east,21580
B114210022080,B1,14,2,1,横浜市立鴨居小学校,神奈川県横浜市緑区鴨居４－７－１５,2260003,2020-12-22,,140387,,B1(小学校),14(神奈川),2(公),1(本),mext-2025-east,21581
B114210022099,B1,14,2,1,横浜市立竹山小学校,神奈川県横浜市緑区竹山３－１－１６,2260005,2020-12-22,,140401,,B1(小学校),14(神奈川),2(公),1(本),mext-2025-east,21582
B114210022106,B1,14,2,1,横浜市立十日市場小学校,神奈川県横浜市緑区十日市場町１３９２－１,2260025,2020-12-22,,140395,,B1(小学校),14(神奈川),2(公),1(本),mext-2025-east,21583
B114210022115,B1,14,2,1,横浜市立長津田小学校,神奈川県横浜市緑区長津田町２３３０,2260026,2020-12-22,,140386,,B1(小学校),14(神奈川),2(公),1(本),mext-2025-east,21584
B114210022124,B1,14,2,1,横浜市立長津田第二小学校,神奈川県横浜市緑区長津田町２４６９－３,2260026,2020-12-22,,140405,,B1(小学校),14(神奈川),2(公),1(本),mext-2025-east,21585
B114210022133,B1,14,2,1,横浜市立中山小学校,神奈川県横浜市緑区中山４－１６－１,2260019,2020-12-22,,140436,,B1(小学校),14(神奈川),2(公),1(本),mext-2025-east,21586
B114210022142,B1,14,2,1,横浜市立新治小学校,神奈川県横浜市緑区新治町７６８,2260017,2020-12-22,,140388,,B1(小学校),14(神奈川),2(公),1(本),mext-2025-east,21587
B114210022151,B1,14,2,1,横浜市立東本郷小学校,神奈川県横浜市緑区東本郷５－４０－１,2260002,2020-12-22,,140406,,B1(小学校),14(神奈川),2(公),1(本),mext-2025-east,21588
B114210022160,B1,14,2,1,横浜市立緑小学校,神奈川県横浜市緑区鴨居５－１９－１,2260003,2020-12-22,,140419,,B1(小学校),14(神奈川),2(公),1(本),mext-2025-east,21589
B114210022179,B1,14,2,1,横浜市立三保小学校,神奈川県横浜市緑区三保町１８６７,2260015,2020-12-22,,140399,,B1(小学校),14(神奈川),2(公),1(本),mext-2025-east,21590
B114210022188,B1,14,2,1,横浜市立森の台小学校,神奈川県横浜市緑区森の台１３－１,2260029,2020-12-22,,140389,,B1(小学校),14(神奈川),2(公),1(本),mext-2025-east,21591
B114210022197,B1,14,2,1,横浜市立山下小学校,神奈川県横浜市緑区北八朔町１８６５－３,2260021,2020-12-22,,140381,,B1(小学校),14(神奈川),2(公),1(本),mext-2025-east,21592
B114210022204,B1,14,2,1,横浜市立山下みどり台小学校,神奈川県横浜市緑区北八朔町２０３１－３,2260021,2020-12-22,,140437,,B1(小学校),14(神奈川),2(公),1(本),mext-2025-east,21593
B114210022213,B1,14,2,1,横浜市立青葉台小学校,神奈川県横浜市青葉区桜台４７,2270061,2020-12-22,,140400,,B1(小学校),14(神奈川),2(公),1(本),mext-2025-east,21594
B114210022222,B1,14,2,1,横浜市立あざみ野第一小学校,神奈川県横浜市青葉区あざみ野４－６－１,2250011,2020-12-22,,140418,,B1(小学校),14(神奈川),2(公),1(本),mext-2025-east,21595
B114210022231,B1,14,2,1,横浜市立あざみ野第二小学校,神奈川県横浜市青葉区あざみ野３－２９－３,2250011,2020-12-22,,140423,,B1(小学校),14(神奈川),2(公),1(本),mext-2025-east,21596
B114210022240,B1,14,2,1,横浜市立市ケ尾小学校,神奈川県横浜市青葉区市ケ尾町１６３２－１,2250024,2020-12-22,,140414,,B1(小学校),14(神奈川),2(公),1(本),mext-2025-east,21597
B114210022259,B1,14,2,1,横浜市立美しが丘小学校,神奈川県横浜市青葉区美しが丘２－２９,2250002,2020-12-22,,140397,,B1(小学校),14(神奈川),2(公),1(本),mext-2025-east,21598
B114210022268,B1,14,2,1,横浜市立美しが丘西小学校,神奈川県横浜市青葉区美しが丘西２－４８－１,2250001,2020-12-22,,140439,,B1(小学校),14(神奈川),2(公),1(本),mext-2025-east,21599
B114210022277,B1,14,2,1,横浜市立美しが丘東小学校,神奈川県横浜市青葉区美しが丘２－２５,2250002,2020-12-22,,140413,,B1(小学校),14(神奈川),2(公),1(本),mext-2025-east,21600
B114210022286,B1,14,2,1,横浜市立荏子田小学校,神奈川県横浜市青葉区荏子田３－８－９,2250005,2020-12-22,,140428,,B1(小学校),14(神奈川),2(公),1(本),mext-2025-east,21601
B114210022295,B1,14,2,1,横浜市立荏田西小学校,神奈川県横浜市青葉区荏田西４－５－１,2250014,2020-12-22,,140433,,B1(小学校),14(神奈川),2(公),1(本),mext-2025-east,21602
B114210022302,B1,14,2,1,横浜市立榎が丘小学校,神奈川県横浜市青葉区榎が丘２９,2270063,2020-12-22,,140403,,B1(小学校),14(神奈川),2(公),1(本),mext-2025-east,21603
B114210022311,B1,14,2,1,横浜市立恩田小学校,神奈川県横浜市青葉区桂台２－３６,2270034,2020-12-22,,140429,,B1(小学校),14(神奈川),2(公),1(本),mext-2025-east,21604
B114210022320,B1,14,2,1,横浜市立桂小学校,神奈川県横浜市青葉区桂台１－４,2270034,2020-12-22,,142701,,B1(小学校),14(神奈川),2(公),1(本),mext-2025-east,21605
B114210022339,B1,14,2,1,横浜市立鴨志田第一小学校,神奈川県横浜市青葉区鴨志田町８０５－６,2270033,2020-12-22,,140420,,B1(小学校),14(神奈川),2(公),1(本),mext-2025-east,21606
B114210022348,B1,14,2,1,横浜市立鴨志田緑小学校,神奈川県横浜市青葉区鴨志田町５３２,2270033,2020-12-22,,140426,,B1(小学校),14(神奈川),2(公),1(本),mext-2025-east,21607
B114210022357,B1,14,2,1,横浜市立鉄小学校,神奈川県横浜市青葉区鉄町４２７,2250025,2020-12-22,,140383,,B1(小学校),14(神奈川),2(公),1(本),mext-2025-east,21608
B114210022366,B1,14,2,1,横浜市立黒須田小学校,神奈川県横浜市青葉区黒須田３４－１,2250022,2020-12-22,,140438,,B1(小学校),14(神奈川),2(公),1(本),mext-2025-east,21609
B114210022375,B1,14,2,1,横浜市立嶮山小学校,神奈川県横浜市青葉区すすき野１－６－４,2250021,2020-12-22,,140417,,B1(小学校),14(神奈川),2(公),1(本),mext-2025-east,21610
B114210022384,B1,14,2,1,横浜市立さつきが丘小学校,神奈川県横浜市青葉区さつきが丘８,2270053,2020-12-22,,140431,,B1(小学校),14(神奈川),2(公),1(本),mext-2025-east,21611
B114210022393,B1,14,2,1,横浜市立新石川小学校,神奈川県横浜市青葉区新石川３－１２－１,2250003,2020-12-22,,140430,,B1(小学校),14(神奈川),2(公),1(本),mext-2025-east,21612
B114210022400,B1,14,2,1,横浜市立田奈小学校,神奈川県横浜市青葉区田奈町５１－１３,2270064,2020-12-22,,140385,,B1(小学校),14(神奈川),2(公),1(本),mext-2025-east,21613
B114210022419,B1,14,2,1,横浜市立つつじが丘小学校,神奈川県横浜市青葉区つつじが丘３４,2270055,2020-12-22,,140396,,B1(小学校),14(神奈川),2(公),1(本),mext-2025-east,21614
B114210022428,B1,14,2,1,横浜市立奈良小学校,神奈川県横浜市青葉区奈良町１５４１－２,2270036,2020-12-22,,140394,,B1(小学校),14(神奈川),2(公),1(本),mext-2025-east,21615
B114210022437,B1,14,2,1,横浜市立奈良の丘小学校,神奈川県横浜市青葉区奈良２－２９－１,2270038,2020-12-22,,142706,,B1(小学校),14(神奈川),2(公),1(本),mext-2025-east,21616
B114210022446,B1,14,2,1,横浜市立東市ケ尾小学校,神奈川県横浜市青葉区市ケ尾町５１９,2250024,2020-12-22,,140421,,B1(小学校),14(神奈川),2(公),1(本),mext-2025-east,21617
B114210022455,B1,14,2,1,横浜市立藤が丘小学校,神奈川県横浜市青葉区藤が丘２－３０－３,2270043,2020-12-22,,140412,,B1(小学校),14(神奈川),2(公),1(本),mext-2025-east,21618
B114210022464,B1,14,2,1,横浜市立みたけ台小学校,神奈川県横浜市青葉区みたけ台１８,2270047,2020-12-22,,140411,,B1(小学校),14(神奈川),2(公),1(本),mext-2025-east,21619
B114210022473,B1,14,2,1,横浜市立もえぎ野小学校,神奈川県横浜市青葉区もえぎ野１６,2270044,2020-12-22,,140408,,B1(小学校),14(神奈川),2(公),1(本),mext-2025-east,21620
B114210022482,B1,14,2,1,横浜市立元石川小学校,神奈川県横浜市青葉区美しが丘４－３１－１,2250002,2020-12-22,,140409,,B1(小学校),14(神奈川),2(公),1(本),mext-2025-east,21621
B114210022491,B1,14,2,1,横浜市立山内小学校,神奈川県横浜市青葉区新石川１－２０－１,2250003,2020-12-22,,140391,,B1(小学校),14(神奈川),2(公),1(本),mext-2025-east,21622
B114210022507,B1,14,2,1,横浜市立谷本小学校,神奈川県横浜市青葉区藤が丘１－５５－１０,2270043,2020-12-22,,140384,,B1(小学校),14(神奈川),2(公),1(本),mext-2025-east,21623
B114210022516,B1,14,2,1,横浜市立牛久保小学校,神奈川県横浜市都筑区牛久保１－２３－１,2240012,2020-12-22,,142709,,B1(小学校),14(神奈川),2(公),1(本),mext-2025-east,21624
B114210022525,B1,14,2,1,横浜市立荏田小学校,神奈川県横浜市都筑区荏田南町６９４,2240008,2020-12-22,,140402,,B1(小学校),14(神奈川),2(公),1(本),mext-2025-east,21625
B114210022534,B1,14,2,1,横浜市立荏田東第一小学校,神奈川県横浜市都筑区荏田東３－５－１,2240006,2020-12-22,,140424,,B1(小学校),14(神奈川),2(公),1(本),mext-2025-east,21626
B114210022543,B1,14,2,1,横浜市立荏田南小学校,神奈川県横浜市都筑区荏田南２－５－２,2240007,2020-12-22,,140425,,B1(小学校),14(神奈川),2(公),1(本),mext-2025-east,21627
B114210022552,B1,14,2,1,横浜市立折本小学校,神奈川県横浜市都筑区折本町１３２１,2240043,2020-12-22,,140393,,B1(小学校),14(神奈川),2(公),1(本),mext-2025-east,21628
B114210022561,B1,14,2,1,横浜市立勝田小学校,神奈川県横浜市都筑区勝田町２６６,2240034,2020-12-22,,140334,,B1(小学校),14(神奈川),2(公),1(本),mext-2025-east,21629
B114210022570,B1,14,2,1,横浜市立川和小学校,神奈川県横浜市都筑区川和町１４６３,2240057,2020-12-22,,140392,,B1(小学校),14(神奈川),2(公),1(本),mext-2025-east,21630
B114210022589,B1,14,2,1,横浜市立川和東小学校,神奈川県横浜市都筑区富士見が丘２１－２,2240051,2020-12-22,,140434,,B1(小学校),14(神奈川),2(公),1(本),mext-2025-east,21631
B114210022598,B1,14,2,1,横浜市立北山田小学校,神奈川県横浜市都筑区北山田５－１４－１,2240021,2020-12-22,,142702,,B1(小学校),14(神奈川),2(公),1(本),mext-2025-east,21632
B114210022605,B1,14,2,1,横浜市立すみれが丘小学校,神奈川県横浜市都筑区すみれが丘３４,2240013,2020-12-22,,140343,,B1(小学校),14(神奈川),2(公),1(本),mext-2025-east,21633
B114210022614,B1,14,2,1,横浜市立茅ケ崎小学校,神奈川県横浜市都筑区茅ケ崎南１－１１－１,2240037,2020-12-22,,140350,,B1(小学校),14(神奈川),2(公),1(本),mext-2025-east,21634
B114210022623,B1,14,2,1,横浜市立茅ケ崎台小学校,神奈川県横浜市都筑区長坂１３－１,2240063,2020-12-22,,140435,,B1(小学校),14(神奈川),2(公),1(本),mext-2025-east,21635
B114210022632,B1,14,2,1,横浜市立茅ケ崎東小学校,神奈川県横浜市都筑区茅ケ崎東２－１１－１,2240033,2020-12-22,,142708,,B1(小学校),14(神奈川),2(公),1(本),mext-2025-east,21636
B114210022641,B1,14,2,1,横浜市立都田小学校,神奈川県横浜市都筑区池辺町２８３１,2240053,2020-12-22,,140390,,B1(小学校),14(神奈川),2(公),1(本),mext-2025-east,21637
B114210022650,B1,14,2,1,横浜市立都田西小学校,神奈川県横浜市都筑区池辺町２４５２－１,2240053,2020-12-22,,140416,,B1(小学校),14(神奈川),2(公),1(本),mext-2025-east,21638
B114210022669,B1,14,2,1,横浜市立都筑小学校,神奈川県横浜市都筑区中川６－２－１,2240001,2020-12-22,,142703,,B1(小学校),14(神奈川),2(公),1(本),mext-2025-east,21639
B114210022678,B1,14,2,1,横浜市立つづきの丘小学校,神奈川県横浜市都筑区荏田東１－２２－１,2240006,2020-12-22,,142705,,B1(小学校),14(神奈川),2(公),1(本),mext-2025-east,21640
B114210022687,B1,14,2,1,横浜市立中川小学校,神奈川県横浜市都筑区牛久保東２－２１－１,2240014,2020-12-22,,140323,,B1(小学校),14(神奈川),2(公),1(本),mext-2025-east,21641
B114210022696,B1,14,2,1,横浜市立中川西小学校,神奈川県横浜市都筑区中川１－３－１,2240001,2020-12-22,,140351,,B1(小学校),14(神奈川),2(公),1(本),mext-2025-east,21642
B114210022703,B1,14,2,1,横浜市立東山田小学校,神奈川県横浜市都筑区東山田１－４－１,2240023,2020-12-22,,142707,,B1(小学校),14(神奈川),2(公),1(本),mext-2025-east,21643
B114210022712,B1,14,2,1,横浜市立南山田小学校,神奈川県横浜市都筑区南山田２－２７－１,2240029,2020-12-22,,142704,,B1(小学校),14(神奈川),2(公),1(本),mext-2025-east,21644
B114210022721,B1,14,2,1,横浜市立山田小学校,神奈川県横浜市都筑区東山田３－２９－１,2240023,2020-12-22,,140336,,B1(小学校),14(神奈川),2(公),1(本),mext-2025-east,21645
B114210022730,B1,14,2,1,横浜市立秋葉小学校,神奈川県横浜市戸塚区秋葉町３９２－１,2450052,2020-12-22,,140504,,B1(小学校),14(神奈川),2(公),1(本),mext-2025-east,21646
B114210022749,B1,14,2,1,横浜市立柏尾小学校,神奈川県横浜市戸塚区柏尾町１３１７,2440812,2020-12-22,,140469,,B1(小学校),14(神奈川),2(公),1(本),mext-2025-east,21647
B114210022758,B1,14,2,1,横浜市立上矢部小学校,神奈川県横浜市戸塚区上矢部町１４６３－４,2450053,2020-12-22,,140502,,B1(小学校),14(神奈川),2(公),1(本),mext-2025-east,21648
B114210022767,B1,14,2,1,横浜市立川上小学校,神奈川県横浜市戸塚区秋葉町２０３－２,2450052,2020-12-22,,140454,,B1(小学校),14(神奈川),2(公),1(本),mext-2025-east,21649
B114210022776,B1,14,2,1,横浜市立川上北小学校,神奈川県横浜市戸塚区川上町６３－１,2440805,2020-12-22,,140468,,B1(小学校),14(神奈川),2(公),1(本),mext-2025-east,21650
B114210022785,B1,14,2,1,横浜市立汲沢小学校,神奈川県横浜市戸塚区汲沢３－６－１,2450061,2020-12-22,,140461,,B1(小学校),14(神奈川),2(公),1(本),mext-2025-east,21651
B114210022794,B1,14,2,1,横浜市立倉田小学校,神奈川県横浜市戸塚区上倉田町１４２６－６,2440816,2020-12-22,,140507,,B1(小学校),14(神奈川),2(公),1(本),mext-2025-east,21652
B114210022801,B1,14,2,1,横浜市立小雀小学校,神奈川県横浜市戸塚区小雀町１８４５,2440004,2020-12-22,,140470,,B1(小学校),14(神奈川),2(公),1(本),mext-2025-east,21653
B114210022810,B1,14,2,1,横浜市立境木小学校,神奈川県横浜市戸塚区平戸３－４８－１,2440802,2020-12-22,,140463,,B1(小学校),14(神奈川),2(公),1(本),mext-2025-east,21654
B114210022829,B1,14,2,1,横浜市立品濃小学校,神奈川県横浜市戸塚区品濃町５０４－１,2440801,2020-12-22,,140503,,B1(小学校),14(神奈川),2(公),1(本),mext-2025-east,21655
B114210022838,B1,14,2,1,横浜市立下郷小学校,神奈川県横浜市戸塚区戸塚町２４４７－２,2440003,2020-12-22,,140512,,B1(小学校),14(神奈川),2(公),1(本),mext-2025-east,21656
B114210022847,B1,14,2,1,横浜市立大正小学校,神奈川県横浜市戸塚区原宿４－１７－１,2450063,2020-12-22,,140456,,B1(小学校),14(神奈川),2(公),1(本),mext-2025-east,21657
B114210022856,B1,14,2,1,横浜市立戸塚小学校,神奈川県横浜市戸塚区戸塚町１３２,2440003,2020-12-22,,140451,,B1(小学校),14(神奈川),2(公),1(本),mext-2025-east,21658
B114210022865,B1,14,2,1,横浜市立鳥が丘小学校,神奈川県横浜市戸塚区鳥が丘５３,2440001,2020-12-22,,140497,,B1(小学校),14(神奈川),2(公),1(本),mext-2025-east,21659
B114210022874,B1,14,2,1,横浜市立名瀬小学校,神奈川県横浜市戸塚区名瀬町７７６,2450051,2020-12-22,,140486,,B1(小学校),14(神奈川),2(公),1(本),mext-2025-east,21660
B114210022883,B1,14,2,1,横浜市立東汲沢小学校,神奈川県横浜市戸塚区汲沢１－１６－１,2450061,2020-12-22,,140483,,B1(小学校),14(神奈川),2(公),1(本),mext-2025-east,21661
B114210022892,B1,14,2,1,横浜市立東品濃小学校,神奈川県横浜市戸塚区品濃町５５９,2440801,2020-12-22,,140508,,B1(小学校),14(神奈川),2(公),1(本),mext-2025-east,21662
B114210022909,B1,14,2,1,横浜市立東戸塚小学校,神奈川県横浜市戸塚区吉田町８８,2440817,2020-12-22,,140459,,B1(小学校),14(神奈川),2(公),1(本),mext-2025-east,21663
B114210022918,B1,14,2,1,横浜市立東俣野小学校,神奈川県横浜市戸塚区東俣野町１１０３－１,2450065,2020-12-22,,140505,,B1(小学校),14(神奈川),2(公),1(本),mext-2025-east,21664
B114210022927,B1,14,2,1,横浜市立平戸小学校,神奈川県横浜市戸塚区平戸町５４２,2440803,2020-12-22,,140476,,B1(小学校),14(神奈川),2(公),1(本),mext-2025-east,21665
B114210022936,B1,14,2,1,横浜市立平戸台小学校,神奈川県横浜市戸塚区平戸町１１６５,2440803,2020-12-22,,140496,,B1(小学校),14(神奈川),2(公),1(本),mext-2025-east,21666
B114210022945,B1,14,2,1,横浜市立深谷小学校,神奈川県横浜市戸塚区深谷町１６８８－２,2450067,2020-12-22,,140477,,B1(小学校),14(神奈川),2(公),1(本),mext-2025-east,21667
B114210022954,B1,14,2,1,横浜市立舞岡小学校,神奈川県横浜市戸塚区舞岡町５３４,2440813,2020-12-22,,140506,,B1(小学校),14(神奈川),2(公),1(本),mext-2025-east,21668
B114210022963,B1,14,2,1,横浜市立南戸塚小学校,神奈川県横浜市戸塚区戸塚町２７９０－３,2440003,2020-12-22,,140473,,B1(小学校),14(神奈川),2(公),1(本),mext-2025-east,21669
B114210022972,B1,14,2,1,横浜市立南舞岡小学校,神奈川県横浜市戸塚区南舞岡４－１５－１,2440814,2020-12-22,,140500,,B1(小学校),14(神奈川),2(公),1(本),mext-2025-east,21670
B114210022981,B1,14,2,1,横浜市立矢部小学校,神奈川県横浜市戸塚区矢部町１６９８,2440002,2020-12-22,,140471,,B1(小学校),14(神奈川),2(公),1(本),mext-2025-east,21671
B114210022990,B1,14,2,1,横浜市立横浜深谷台小学校,神奈川県横浜市戸塚区深谷町１３１２－１,2450067,2020-12-22,,140515,,B1(小学校),14(神奈川),2(公),1(本),mext-2025-east,21672
B114210023007,B1,14,2,1,横浜市立飯島小学校,神奈川県横浜市栄区飯島町７７１－２,2440842,2020-12-22,,140467,,B1(小学校),14(神奈川),2(公),1(本),mext-2025-east,21673
B114210023016,B1,14,2,1,横浜市立笠間小学校,神奈川県横浜市栄区笠間３－２８－１,2470006,2020-12-22,,140499,,B1(小学校),14(神奈川),2(公),1(本),mext-2025-east,21674
B114210023025,B1,14,2,1,横浜市立桂台小学校,神奈川県横浜市栄区桂台南１－１－１,2470033,2020-12-22,,140472,,B1(小学校),14(神奈川),2(公),1(本),mext-2025-east,21675
B114210023034,B1,14,2,1,横浜市立上郷小学校,神奈川県横浜市栄区犬山町６－１,2470026,2020-12-22,,140513,,B1(小学校),14(神奈川),2(公),1(本),mext-2025-east,21676
B114210023043,B1,14,2,1,横浜市立公田小学校,神奈川県横浜市栄区公田町３５４－３,2470014,2020-12-22,,140490,,B1(小学校),14(神奈川),2(公),1(本),mext-2025-east,21677
B114210023052,B1,14,2,1,横浜市立小菅ケ谷小学校,神奈川県横浜市栄区本郷台４－３１－１,2470008,2020-12-22,,140489,,B1(小学校),14(神奈川),2(公),1(本),mext-2025-east,21678
B114210023061,B1,14,2,1,横浜市立小山台小学校,神奈川県横浜市栄区小山台１－１５－１,2470002,2020-12-22,,140498,,B1(小学校),14(神奈川),2(公),1(本),mext-2025-east,21679
B114210023070,B1,14,2,1,横浜市立桜井小学校,神奈川県横浜市栄区上郷町２４２－２,2470013,2020-12-22,,140501,,B1(小学校),14(神奈川),2(公),1(本),mext-2025-east,21680
B114210023089,B1,14,2,1,横浜市立庄戸小学校,神奈川県横浜市栄区庄戸１－１５－１,2470022,2020-12-22,,140479,,B1(小学校),14(神奈川),2(公),1(本),mext-2025-east,21681
B114210023098,B1,14,2,1,横浜市立千秀小学校,神奈川県横浜市栄区田谷町１８３２,2440844,2020-12-22,,140462,,B1(小学校),14(神奈川),2(公),1(本),mext-2025-east,21682
B114210023105,B1,14,2,1,横浜市立豊田小学校,神奈川県横浜市栄区長沼町１２５－４,2440841,2020-12-22,,140452,,B1(小学校),14(神奈川),2(公),1(本),mext-2025-east,21683
B114210023114,B1,14,2,1,横浜市立西本郷小学校,神奈川県横浜市栄区小菅ケ谷２－２２－１,2470007,2020-12-22,,140460,,B1(小学校),14(神奈川),2(公),1(本),mext-2025-east,21684
B114210023123,B1,14,2,1,横浜市立本郷小学校,神奈川県横浜市栄区中野町１６－１,2470015,2020-12-22,,140455,,B1(小学校),14(神奈川),2(公),1(本),mext-2025-east,21685
B114210023132,B1,14,2,1,横浜市立本郷台小学校,神奈川県横浜市栄区本郷台１－６－１,2470008,2020-12-22,,140484,,B1(小学校),14(神奈川),2(公),1(本),mext-2025-east,21686
B114210023141,B1,14,2,1,横浜市立飯田北いちょう小学校,神奈川県横浜市泉区上飯田町３７９５,2450018,2020-12-22,,140514,,B1(小学校),14(神奈川),2(公),1(本),mext-2025-east,21687
B114210023150,B1,14,2,1,横浜市立和泉小学校,神奈川県横浜市泉区和泉中央北１－３１－１３,2450024,2020-12-22,,140475,,B1(小学校),14(神奈川),2(公),1(本),mext-2025-east,21688
B114210023169,B1,14,2,9,横浜市立いずみ野小学校,神奈川県横浜市泉区和泉町６２１１,2450016,2020-12-22,2024-05-01,140491,B114210023427,B1(小学校),14(神奈川),2(公),9(廃),mext-2025-east,21689
B114210023178,B1,14,2,1,横浜市立伊勢山小学校,神奈川県横浜市泉区和泉中央南２－２７－１,2450023,2020-12-22,,140493,,B1(小学校),14(神奈川),2(公),1(本),mext-2025-east,21690
B114210023187,B1,14,2,1,横浜市立岡津小学校,神奈川県横浜市泉区岡津町２３１１,2450003,2020-12-22,,140457,,B1(小学校),14(神奈川),2(公),1(本),mext-2025-east,21691
B114210023196,B1,14,2,1,横浜市立上飯田小学校,神奈川県横浜市泉区上飯田町１３３１,2450018,2020-12-22,,140465,,B1(小学校),14(神奈川),2(公),1(本),mext-2025-east,21692
B114210023203,B1,14,2,1,横浜市立葛野小学校,神奈川県横浜市泉区中田南５－１５－１,2450014,2020-12-22,,140487,,B1(小学校),14(神奈川),2(公),1(本),mext-2025-east,21693
B114210023212,B1,14,2,1,横浜市立下和泉小学校,神奈川県横浜市泉区和泉町１４３６,2450016,2020-12-22,,140481,,B1(小学校),14(神奈川),2(公),1(本),mext-2025-east,21694
B114210023221,B1,14,2,1,横浜市立新橋小学校,神奈川県横浜市泉区新橋町９０９,2450009,2020-12-22,,140474,,B1(小学校),14(神奈川),2(公),1(本),mext-2025-east,21695
B114210023230,B1,14,2,1,横浜市立中田小学校,神奈川県横浜市泉区中田南４－４－１,2450014,2020-12-22,,140458,,B1(小学校),14(神奈川),2(公),1(本),mext-2025-east,21696
B114210023249,B1,14,2,1,横浜市立中和田小学校,神奈川県横浜市泉区和泉中央南４－９－１,2450023,2020-12-22,,140453,,B1(小学校),14(神奈川),2(公),1(本),mext-2025-east,21697
B114210023258,B1,14,2,1,横浜市立中和田南小学校,神奈川県横浜市泉区和泉町９８７,2450016,2020-12-22,,140464,,B1(小学校),14(神奈川),2(公),1(本),mext-2025-east,21698
B114210023267,B1,14,2,1,横浜市立西が岡小学校,神奈川県横浜市泉区西が岡３－１２－１１,2450006,2020-12-22,,140511,,B1(小学校),14(神奈川),2(公),1(本),mext-2025-east,21699
B114210023276,B1,14,2,1,横浜市立東中田小学校,神奈川県横浜市泉区中田東４－４３－１,2450013,2020-12-22,,140466,,B1(小学校),14(神奈川),2(公),1(本),mext-2025-east,21700
B114210023285,B1,14,2,9,横浜市立緑園西小学校,神奈川県横浜市泉区緑園３－３９,2450002,2020-12-22,2022-05-01,140510,C214210020034,B1(小学校),14(神奈川),2(公),9(廃),mext-2025-east,21701
B114210023294,B1,14,2,9,横浜市立緑園東小学校,神奈川県横浜市泉区緑園５－２８,2450002,2020-12-22,2022-05-01,140509,C214210020034,B1(小学校),14(神奈川),2(公),9(廃),mext-2025-east,21702
B114210023301,B1,14,2,1,横浜市立相沢小学校,神奈川県横浜市瀬谷区相沢２－５６－１,2460013,2020-12-22,,140528,,B1(小学校),14(神奈川),2(公),1(本),mext-2025-east,21703
B114210023310,B1,14,2,9,横浜市立阿久和小学校,神奈川県横浜市瀬谷区阿久和南４－８－２,2460026,2020-12-22,2024-05-01,140532,B114210023427,B1(小学校),14(神奈川),2(公),9(廃),mext-2025-east,21704
B114210023329,B1,14,2,1,横浜市立上瀬谷小学校,神奈川県横浜市瀬谷区瀬谷町７１４０,2460003,2020-12-22,,140523,,B1(小学校),14(神奈川),2(公),1(本),mext-2025-east,21705
B114210023338,B1,14,2,1,横浜市立瀬谷小学校,神奈川県横浜市瀬谷区相沢４－１－１,2460013,2020-12-22,,140521,,B1(小学校),14(神奈川),2(公),1(本),mext-2025-east,21706
B114210023347,B1,14,2,1,横浜市立瀬谷さくら小学校,神奈川県横浜市瀬谷区下瀬谷３－５８－１,2460035,2020-12-22,,140533,,B1(小学校),14(神奈川),2(公),1(本),mext-2025-east,21707
B114210023356,B1,14,2,1,横浜市立瀬谷第二小学校,神奈川県横浜市瀬谷区橋戸２－４１－１,2460037,2020-12-22,,140527,,B1(小学校),14(神奈川),2(公),1(本),mext-2025-east,21708
B114210023365,B1,14,2,1,横浜市立大門小学校,神奈川県横浜市瀬谷区本郷３－４７－５,2460015,2020-12-22,,140529,,B1(小学校),14(神奈川),2(公),1(本),mext-2025-east,21709
B114210023374,B1,14,2,1,横浜市立原小学校,神奈川県横浜市瀬谷区阿久和東４－３３－１,2460023,2020-12-22,,140522,,B1(小学校),14(神奈川),2(公),1(本),mext-2025-east,21710
B114210023383,B1,14,2,1,横浜市立二つ橋小学校,神奈川県横浜市瀬谷区二ツ橋町５０７,2460021,2020-12-22,,140526,,B1(小学校),14(神奈川),2(公),1(本),mext-2025-east,21711
B114210023392,B1,14,2,1,横浜市立三ツ境小学校,神奈川県横浜市瀬谷区三ツ境１５７,2460022,2020-12-22,,140524,,B1(小学校),14(神奈川),2(公),1(本),mext-2025-east,21712
B114210023409,B1,14,2,1,横浜市立南瀬谷小学校,神奈川県横浜市瀬谷区南瀬谷１－１－１,2460034,2020-12-22,,140525,,B1(小学校),14(神奈川),2(公),1(本),mext-2025-east,21713
B114210023418,B1,14,2,1,横浜市立菅田の丘小学校,神奈川県横浜市神奈川区菅田町１３８６－２,2210864,2021-05-27,,140068,,B1(小学校),14(神奈川),2(公),1(本),mext-2025-east,21714
B114210023427,B1,14,2,1,横浜市立いずみ野小学校,神奈川県横浜市泉区和泉町６２１１,2450016,2024-05-01,,,,B1(小学校),14(神奈川),2(公),1(本),mext-2025-east,21715
B114310000011,B1,14,3,1,聖ヨゼフ学園小学校,神奈川県横浜市鶴見区東寺尾北台１１－１,2300016,2020-12-22,,140037,,B1(小学校),14(神奈川),3(私),1(本),mext-2025-east,22230
B114310000020,B1,14,3,1,精華小学校,神奈川県横浜市神奈川区沢渡１８,2210844,2020-12-22,,140067,,B1(小学校),14(神奈川),3(私),1(本),mext-2025-east,22231
B114310000039,B1,14,3,1,捜真小学校,神奈川県横浜市神奈川区中丸８,2218720,2020-12-22,,140066,,B1(小学校),14(神奈川),3(私),1(本),mext-2025-east,22232
B114310000048,B1,14,3,1,横浜雙葉小学校,神奈川県横浜市中区山手町２２６,2318562,2020-12-22,,140106,,B1(小学校),14(神奈川),3(私),1(本),mext-2025-east,22233
B114310000057,B1,14,3,1,関東学院小学校,神奈川県横浜市南区三春台４,2320002,2020-12-22,,140136,,B1(小学校),14(神奈川),3(私),1(本),mext-2025-east,22234
B114310000066,B1,14,3,1,青山学院横浜英和小学校,神奈川県横浜市南区蒔田町１２４,2328580,2020-12-22,,140137,,B1(小学校),14(神奈川),3(私),1(本),mext-2025-east,22235
B114310000075,B1,14,3,1,関東学院六浦小学校,神奈川県横浜市金沢区六浦東１－５０－１,2360037,2020-12-22,,140316,,B1(小学校),14(神奈川),3(私),1(本),mext-2025-east,22236
B114310000084,B1,14,3,1,横浜三育小学校,神奈川県横浜市旭区上川井町１９８５,2410802,2020-12-22,,140246,,B1(小学校),14(神奈川),3(私),1(本),mext-2025-east,22237
B114310000093,B1,14,3,1,森村学園初等部,神奈川県横浜市緑区長津田町２６９５,2260026,2020-12-22,,140447,,B1(小学校),14(神奈川),3(私),1(本),mext-2025-east,22238
B114310000100,B1,14,3,1,桐蔭学園小学校,神奈川県横浜市青葉区鉄町１６１４,2258502,2020-12-22,,140446,,B1(小学校),14(神奈川),3(私),1(本),mext-2025-east,22239
B114310000119,B1,14,3,1,慶應義塾横浜初等部,神奈川県横浜市青葉区あざみ野南３－１－３,2250012,2020-12-22,,140448,,B1(小学校),14(神奈川),3(私),1(本),mext-2025-east,22240
C114110000022,C1,14,1,1,横浜国立大学教育学部附属横浜中学校,神奈川県横浜市南区大岡２－３１－３,2320061,2020-12-22,,143502,,C1(中学校),14(神奈川),1(国),1(本),mext-2025-east,22263
C114210020017,C1,14,2,1,横浜市立市場中学校,神奈川県横浜市鶴見区市場下町１－１,2300024,2020-12-22,,143511,,C1(中学校),14(神奈川),2(公),1(本),mext-2025-east,22264
C114210020026,C1,14,2,1,横浜市立潮田中学校,神奈川県横浜市鶴見区向井町４－８３,2300037,2020-12-22,,143512,,C1(中学校),14(神奈川),2(公),1(本),mext-2025-east,22265
C114210020035,C1,14,2,1,横浜市立上の宮中学校,神奈川県横浜市鶴見区上の宮１－２６－３３,2300075,2020-12-22,,143519,,C1(中学校),14(神奈川),2(公),1(本),mext-2025-east,22266
C114210020044,C1,14,2,1,横浜市立寛政中学校,神奈川県横浜市鶴見区寛政町２３－１,2300034,2020-12-22,,143517,,C1(中学校),14(神奈川),2(公),1(本),mext-2025-east,22267
C114210020053,C1,14,2,1,横浜市立末吉中学校,神奈川県横浜市鶴見区下末吉６－１３－１,2300012,2020-12-22,,143513,,C1(中学校),14(神奈川),2(公),1(本),mext-2025-east,22268
C114210020062,C1,14,2,1,横浜市立鶴見中学校,神奈川県横浜市鶴見区鶴見中央３－１４－１,2300051,2020-12-22,,143514,,C1(中学校),14(神奈川),2(公),1(本),mext-2025-east,22269
C114210020071,C1,14,2,1,横浜市立寺尾中学校,神奈川県横浜市鶴見区北寺尾３－１３－１,2300074,2020-12-22,,143515,,C1(中学校),14(神奈川),2(公),1(本),mext-2025-east,22270
C114210020080,C1,14,2,1,横浜市立生麦中学校,神奈川県横浜市鶴見区岸谷２－１－１,2300078,2020-12-22,,143516,,C1(中学校),14(神奈川),2(公),1(本),mext-2025-east,22271
C114210020099,C1,14,2,1,横浜市立矢向中学校,神奈川県横浜市鶴見区矢向１－８－２４,2300001,2020-12-22,,143518,,C1(中学校),14(神奈川),2(公),1(本),mext-2025-east,22272
C114210020106,C1,14,2,1,横浜市立横浜サイエンスフロンティア高等学校附属中学校,神奈川県横浜市鶴見区小野町６,2300046,2020-12-22,,143520,,C1(中学校),14(神奈川),2(公),1(本),mext-2025-east,22273
C114210020115,C1,14,2,1,横浜市立浦島丘中学校,神奈川県横浜市神奈川区白幡東町２７－１,2210072,2020-12-22,,143541,,C1(中学校),14(神奈川),2(公),1(本),mext-2025-east,22274
C114210020124,C1,14,2,1,横浜市立神奈川中学校,神奈川県横浜市神奈川区西大口１４１,2210004,2020-12-22,,143544,,C1(中学校),14(神奈川),2(公),1(本),mext-2025-east,22275
C114210020133,C1,14,2,1,横浜市立栗田谷中学校,神奈川県横浜市神奈川区栗田谷３－１,2210804,2020-12-22,,143542,,C1(中学校),14(神奈川),2(公),1(本),mext-2025-east,22276
C114210020142,C1,14,2,1,横浜市立菅田中学校,神奈川県横浜市神奈川区菅田町２０１７,2210864,2020-12-22,,143547,,C1(中学校),14(神奈川),2(公),1(本),mext-2025-east,22277
C114210020151,C1,14,2,1,横浜市立錦台中学校,神奈川県横浜市神奈川区西寺尾３－１０－１,2210001,2020-12-22,,143546,,C1(中学校),14(神奈川),2(公),1(本),mext-2025-east,22278
C114210020160,C1,14,2,1,横浜市立松本中学校,神奈川県横浜市神奈川区三ツ沢下町３０－１,2210852,2020-12-22,,143545,,C1(中学校),14(神奈川),2(公),1(本),mext-2025-east,22279
C114210020179,C1,14,2,1,横浜市立六角橋中学校,神奈川県横浜市神奈川区六角橋５－３３－１,2210802,2020-12-22,,143543,,C1(中学校),14(神奈川),2(公),1(本),mext-2025-east,22280
C114210020188,C1,14,2,1,横浜市立老松中学校,神奈川県横浜市西区老松町２７,2200032,2020-12-22,,143561,,C1(中学校),14(神奈川),2(公),1(本),mext-2025-east,22281
C114210020197,C1,14,2,1,横浜市立岡野中学校,神奈川県横浜市西区岡野２－１４－１,2200073,2020-12-22,,143562,,C1(中学校),14(神奈川),2(公),1(本),mext-2025-east,22282
C114210020204,C1,14,2,1,横浜市立軽井沢中学校,神奈川県横浜市西区北軽井沢２４,2200001,2020-12-22,,143564,,C1(中学校),14(神奈川),2(公),1(本),mext-2025-east,22283
C114210020213,C1,14,2,1,横浜市立西中学校,神奈川県横浜市西区西戸部町３－２８６,2200046,2020-12-22,,143563,,C1(中学校),14(神奈川),2(公),1(本),mext-2025-east,22284
C114210020222,C1,14,2,1,横浜市立大鳥中学校,神奈川県横浜市中区本牧原２２－１,2310821,2020-12-22,,143583,,C1(中学校),14(神奈川),2(公),1(本),mext-2025-east,22285
C114210020231,C1,14,2,1,横浜市立仲尾台中学校,神奈川県横浜市中区仲尾台２３,2310839,2020-12-22,,143585,,C1(中学校),14(神奈川),2(公),1(本),mext-2025-east,22286
C114210020240,C1,14,2,1,横浜市立本牧中学校,神奈川県横浜市中区本牧和田３２－１,2310827,2020-12-22,,143586,,C1(中学校),14(神奈川),2(公),1(本),mext-2025-east,22287
C114210020259,C1,14,2,1,横浜市立港中学校,神奈川県横浜市中区山下町２４１,2310023,2020-12-22,,143581,,C1(中学校),14(神奈川),2(公),1(本),mext-2025-east,22288
C114210020268,C1,14,2,1,横浜市立横浜吉田中学校,神奈川県横浜市中区羽衣町３－８４,2310047,2020-12-22,,143587,,C1(中学校),14(神奈川),2(公),1(本),mext-2025-east,22289
C114210020277,C1,14,2,1,横浜市立共進中学校,神奈川県横浜市南区東蒔田町１－５,2320045,2020-12-22,,143601,,C1(中学校),14(神奈川),2(公),1(本),mext-2025-east,22290
C114210020286,C1,14,2,1,横浜市立永田中学校,神奈川県横浜市南区永田みなみ台７－１,2320075,2020-12-22,,143606,,C1(中学校),14(神奈川),2(公),1(本),mext-2025-east,22291
C114210020295,C1,14,2,1,横浜市立藤の木中学校,神奈川県横浜市南区大岡４－４４－１,2320061,2020-12-22,,143608,,C1(中学校),14(神奈川),2(公),1(本),mext-2025-east,22292
C114210020302,C1,14,2,1,横浜市立平楽中学校,神奈川県横浜市南区平楽１,2320035,2020-12-22,,143602,,C1(中学校),14(神奈川),2(公),1(本),mext-2025-east,22293
C114210020311,C1,14,2,1,横浜市立蒔田中学校,神奈川県横浜市南区花之木町２－４５,2320018,2020-12-22,,143603,,C1(中学校),14(神奈川),2(公),1(本),mext-2025-east,22294
C114210020320,C1,14,2,1,横浜市立南中学校,神奈川県横浜市南区六ツ川１－１４,2320066,2020-12-22,,143604,,C1(中学校),14(神奈川),2(公),1(本),mext-2025-east,22295
C114210020339,C1,14,2,1,横浜市立南が丘中学校,神奈川県横浜市南区別所３－６－１,2320064,2020-12-22,,143605,,C1(中学校),14(神奈川),2(公),1(本),mext-2025-east,22296
C114210020348,C1,14,2,1,横浜市立六ツ川中学校,神奈川県横浜市南区六ツ川３－８１－１１,2320066,2020-12-22,,143607,,C1(中学校),14(神奈川),2(公),1(本),mext-2025-east,22297
C114210020357,C1,14,2,1,横浜市立上永谷中学校,神奈川県横浜市港南区上永谷４－１２－１４,2330012,2020-12-22,,143622,,C1(中学校),14(神奈川),2(公),1(本),mext-2025-east,22298
C114210020366,C1,14,2,1,横浜市立港南中学校,神奈川県横浜市港南区港南中央通６－１,2330004,2020-12-22,,143621,,C1(中学校),14(神奈川),2(公),1(本),mext-2025-east,22299
C114210020375,C1,14,2,1,横浜市立港南台第一中学校,神奈川県横浜市港南区港南台６－６－１,2340054,2020-12-22,,143625,,C1(中学校),14(神奈川),2(公),1(本),mext-2025-east,22300
C114210020384,C1,14,2,1,横浜市立笹下中学校,神奈川県横浜市港南区港南５－８－１,2330003,2020-12-22,,143623,,C1(中学校),14(神奈川),2(公),1(本),mext-2025-east,22301
C114210020393,C1,14,2,1,横浜市立芹が谷中学校,神奈川県横浜市港南区芹が谷２－７－１,2330006,2020-12-22,,143626,,C1(中学校),14(神奈川),2(公),1(本),mext-2025-east,22302
C114210020400,C1,14,2,1,横浜市立東永谷中学校,神奈川県横浜市港南区東永谷２－１４－７,2330011,2020-12-22,,143630,,C1(中学校),14(神奈川),2(公),1(本),mext-2025-east,22303
C114210020419,C1,14,2,1,横浜市立日限山中学校,神奈川県横浜市港南区日限山４－３３－１,2330015,2020-12-22,,143627,,C1(中学校),14(神奈川),2(公),1(本),mext-2025-east,22304
C114210020428,C1,14,2,1,横浜市立日野南中学校,神奈川県横浜市港南区港南台４－３７－１,2340054,2020-12-22,,143628,,C1(中学校),14(神奈川),2(公),1(本),mext-2025-east,22305
C114210020437,C1,14,2,1,横浜市立丸山台中学校,神奈川県横浜市港南区丸山台４－１－１,2330013,2020-12-22,,143629,,C1(中学校),14(神奈川),2(公),1(本),mext-2025-east,22306
C114210020446,C1,14,2,1,横浜市立南高等学校附属中学校,神奈川県横浜市港南区東永谷２－１－１,2330011,2020-12-22,,143631,,C1(中学校),14(神奈川),2(公),1(本),mext-2025-east,22307
C114210020455,C1,14,2,1,横浜市立新井中学校,神奈川県横浜市保土ケ谷区新井町４３－７,2400053,2020-12-22,,143657,,C1(中学校),14(神奈川),2(公),1(本),mext-2025-east,22308
C114210020464,C1,14,2,2,横浜市立新井中学校桜坂分校,神奈川県横浜市保土ケ谷区新井町５８０,2400053,2020-12-22,,143659,,C1(中学校),14(神奈川),2(公),2(分),mext-2025-east,22309
C114210020473,C1,14,2,1,横浜市立岩井原中学校,神奈川県横浜市保土ケ谷区岩井町３０８,2400023,2020-12-22,,143654,,C1(中学校),14(神奈川),2(公),1(本),mext-2025-east,22310
C114210020482,C1,14,2,1,横浜市立岩崎中学校,神奈川県横浜市保土ケ谷区桜ケ丘２－６－１,2400011,2020-12-22,,143651,,C1(中学校),14(神奈川),2(公),1(本),mext-2025-east,22311
C114210020491,C1,14,2,1,横浜市立上菅田中学校,神奈川県横浜市保土ケ谷区上菅田町７８０,2400051,2020-12-22,,143656,,C1(中学校),14(神奈川),2(公),1(本),mext-2025-east,22312
C114210020507,C1,14,2,1,横浜市立橘中学校,神奈川県横浜市保土ケ谷区仏向町１１６７－２,2400044,2020-12-22,,143658,,C1(中学校),14(神奈川),2(公),1(本),mext-2025-east,22313
C114210020516,C1,14,2,1,横浜市立西谷中学校,神奈川県横浜市保土ケ谷区川島町１２０８,2400045,2020-12-22,,143655,,C1(中学校),14(神奈川),2(公),1(本),mext-2025-east,22314
C114210020525,C1,14,2,1,横浜市立保土ケ谷中学校,神奈川県横浜市保土ケ谷区釜台町３－１,2400066,2020-12-22,,143652,,C1(中学校),14(神奈川),2(公),1(本),mext-2025-east,22315
C114210020534,C1,14,2,1,横浜市立宮田中学校,神奈川県横浜市保土ケ谷区宮田町１－１００,2400002,2020-12-22,,143653,,C1(中学校),14(神奈川),2(公),1(本),mext-2025-east,22316
C114210020543,C1,14,2,1,横浜市立旭中学校,神奈川県横浜市旭区今宿２－４０－１,2410817,2020-12-22,,143687,,C1(中学校),14(神奈川),2(公),1(本),mext-2025-east,22317
C114210020552,C1,14,2,9,横浜市立旭北中学校,神奈川県横浜市旭区上白根２－４７－１,2410002,2020-12-22,2023-05-01,143692,C114210021463,C1(中学校),14(神奈川),2(公),9(廃),mext-2025-east,22318
C114210020561,C1,14,2,1,横浜市立今宿中学校,神奈川県横浜市旭区今宿東町８２５,2410032,2020-12-22,,143689,,C1(中学校),14(神奈川),2(公),1(本),mext-2025-east,22319
C114210020570,C1,14,2,9,横浜市立上白根中学校,神奈川県横浜市旭区上白根町８６８,2410001,2020-12-22,2023-05-01,143684,C114210021463,C1(中学校),14(神奈川),2(公),9(廃),mext-2025-east,22320
C114210020589,C1,14,2,1,横浜市立希望が丘中学校,神奈川県横浜市旭区東希望が丘１１８,2410826,2020-12-22,,143683,,C1(中学校),14(神奈川),2(公),1(本),mext-2025-east,22321
C114210020598,C1,14,2,1,横浜市立左近山中学校,神奈川県横浜市旭区左近山１３３５－２,2410831,2020-12-22,,143685,,C1(中学校),14(神奈川),2(公),1(本),mext-2025-east,22322
C114210020605,C1,14,2,1,横浜市立都岡中学校,神奈川県横浜市旭区川井宿町３２－２,2410804,2020-12-22,,143686,,C1(中学校),14(神奈川),2(公),1(本),mext-2025-east,22323
C114210020614,C1,14,2,1,横浜市立鶴ケ峯中学校,神奈川県横浜市旭区鶴ケ峰本町３－２８－１,2410021,2020-12-22,,143681,,C1(中学校),14(神奈川),2(公),1(本),mext-2025-east,22324
C114210020623,C1,14,2,1,横浜市立本宿中学校,神奈川県横浜市旭区川島町１９７９,2410011,2020-12-22,,143690,,C1(中学校),14(神奈川),2(公),1(本),mext-2025-east,22325
C114210020632,C1,14,2,1,横浜市立万騎が原中学校,神奈川県横浜市旭区万騎が原３１,2410836,2020-12-22,,143682,,C1(中学校),14(神奈川),2(公),1(本),mext-2025-east,22326
C114210020641,C1,14,2,1,横浜市立南希望が丘中学校,神奈川県横浜市旭区南希望が丘１０８－８,2410824,2020-12-22,,143688,,C1(中学校),14(神奈川),2(公),1(本),mext-2025-east,22327
C114210020650,C1,14,2,1,横浜市立若葉台中学校,神奈川県横浜市旭区若葉台１－１３－１,2410801,2020-12-22,,143694,,C1(中学校),14(神奈川),2(公),1(本),mext-2025-east,22328
C114210020669,C1,14,2,1,横浜市立岡村中学校,神奈川県横浜市磯子区岡村１－１４－１,2350021,2020-12-22,,143713,,C1(中学校),14(神奈川),2(公),1(本),mext-2025-east,22329
C114210020678,C1,14,2,1,横浜市立汐見台中学校,神奈川県横浜市磯子区汐見台１－２－１,2350022,2020-12-22,,143714,,C1(中学校),14(神奈川),2(公),1(本),mext-2025-east,22330
C114210020687,C1,14,2,1,横浜市立根岸中学校,神奈川県横浜市磯子区西町１７－１３,2350007,2020-12-22,,143711,,C1(中学校),14(神奈川),2(公),1(本),mext-2025-east,22331
C114210020696,C1,14,2,1,横浜市立浜中学校,神奈川県横浜市磯子区杉田３－３０－１１,2350033,2020-12-22,,143712,,C1(中学校),14(神奈川),2(公),1(本),mext-2025-east,22332
C114210020703,C1,14,2,1,横浜市立森中学校,神奈川県横浜市磯子区森５－２２－１,2350023,2020-12-22,,143717,,C1(中学校),14(神奈川),2(公),1(本),mext-2025-east,22333
C114210020712,C1,14,2,1,横浜市立洋光台第一中学校,神奈川県横浜市磯子区洋光台２－５－１,2350045,2020-12-22,,143715,,C1(中学校),14(神奈川),2(公),1(本),mext-2025-east,22334
C114210020721,C1,14,2,1,横浜市立洋光台第二中学校,神奈川県横浜市磯子区洋光台６－４１－１,2350045,2020-12-22,,143716,,C1(中学校),14(神奈川),2(公),1(本),mext-2025-east,22335
C114210020730,C1,14,2,1,横浜市立金沢中学校,神奈川県横浜市金沢区釜利谷東１－１－１,2360042,2020-12-22,,143751,,C1(中学校),14(神奈川),2(公),1(本),mext-2025-east,22336
C114210020749,C1,14,2,1,横浜市立釜利谷中学校,神奈川県横浜市金沢区釜利谷南３－５－１,2360045,2020-12-22,,143759,,C1(中学校),14(神奈川),2(公),1(本),mext-2025-east,22337
C114210020758,C1,14,2,1,横浜市立小田中学校,神奈川県横浜市金沢区富岡西１－７３－１,2360052,2020-12-22,,143760,,C1(中学校),14(神奈川),2(公),1(本),mext-2025-east,22338
C114210020767,C1,14,2,1,横浜市立大道中学校,神奈川県横浜市金沢区大道１－８５－１,2360035,2020-12-22,,143753,,C1(中学校),14(神奈川),2(公),1(本),mext-2025-east,22339
C114210020776,C1,14,2,1,横浜市立富岡中学校,神奈川県横浜市金沢区富岡西５－４６－１,2360052,2020-12-22,,143755,,C1(中学校),14(神奈川),2(公),1(本),mext-2025-east,22340
C114210020785,C1,14,2,1,横浜市立富岡東中学校,神奈川県横浜市金沢区並木１－６－１,2360005,2020-12-22,,143756,,C1(中学校),14(神奈川),2(公),1(本),mext-2025-east,22341
C114210020794,C1,14,2,1,横浜市立並木中学校,神奈川県横浜市金沢区並木３－４－１,2360005,2020-12-22,,143758,,C1(中学校),14(神奈川),2(公),1(本),mext-2025-east,22342
C114210020801,C1,14,2,1,横浜市立西柴中学校,神奈川県横浜市金沢区西柴１－２３－１,2360017,2020-12-22,,143754,,C1(中学校),14(神奈川),2(公),1(本),mext-2025-east,22343
C114210020810,C1,14,2,1,横浜市立六浦中学校,神奈川県横浜市金沢区六浦１－２４－４,2360031,2020-12-22,,143752,,C1(中学校),14(神奈川),2(公),1(本),mext-2025-east,22344
C114210020829,C1,14,2,1,横浜市立大綱中学校,神奈川県横浜市港北区大倉山３－４０－１,2220037,2020-12-22,,143805,,C1(中学校),14(神奈川),2(公),1(本),mext-2025-east,22345
C114210020838,C1,14,2,1,横浜市立篠原中学校,神奈川県横浜市港北区篠原町１３４２－３,2220026,2020-12-22,,143806,,C1(中学校),14(神奈川),2(公),1(本),mext-2025-east,22346
C114210020847,C1,14,2,1,横浜市立城郷中学校,神奈川県横浜市港北区小机町３２５,2220036,2020-12-22,,143801,,C1(中学校),14(神奈川),2(公),1(本),mext-2025-east,22347
C114210020856,C1,14,2,1,横浜市立高田中学校,神奈川県横浜市港北区高田町２４３９,2230063,2020-12-22,,143811,,C1(中学校),14(神奈川),2(公),1(本),mext-2025-east,22348
C114210020865,C1,14,2,1,横浜市立樽町中学校,神奈川県横浜市港北区樽町４－１５－１,2220001,2020-12-22,,143807,,C1(中学校),14(神奈川),2(公),1(本),mext-2025-east,22349
C114210020874,C1,14,2,1,横浜市立新田中学校,神奈川県横浜市港北区新吉田東５－２５－１,2230058,2020-12-22,,143803,,C1(中学校),14(神奈川),2(公),1(本),mext-2025-east,22350
C114210020883,C1,14,2,1,横浜市立新羽中学校,神奈川県横浜市港北区新羽町１４３４－４,2230057,2020-12-22,,143809,,C1(中学校),14(神奈川),2(公),1(本),mext-2025-east,22351
C114210020892,C1,14,2,1,横浜市立日吉台中学校,神奈川県横浜市港北区日吉本町４－９－１,2230062,2020-12-22,,143804,,C1(中学校),14(神奈川),2(公),1(本),mext-2025-east,22352
C114210020909,C1,14,2,1,横浜市立日吉台西中学校,神奈川県横浜市港北区日吉本町５－４４－１,2230062,2020-12-22,,143808,,C1(中学校),14(神奈川),2(公),1(本),mext-2025-east,22353
C114210020918,C1,14,2,1,横浜市立鴨居中学校,神奈川県横浜市緑区鴨居５－１２－３５,2260003,2020-12-22,,143858,,C1(中学校),14(神奈川),2(公),1(本),mext-2025-east,22354
C114210020927,C1,14,2,1,横浜市立田奈中学校,神奈川県横浜市緑区長津田２－２４－１,2260027,2020-12-22,,143851,,C1(中学校),14(神奈川),2(公),1(本),mext-2025-east,22355
C114210020936,C1,14,2,1,横浜市立十日市場中学校,神奈川県横浜市緑区十日市場町１５０１－４２,2260025,2020-12-22,,143856,,C1(中学校),14(神奈川),2(公),1(本),mext-2025-east,22356
C114210020945,C1,14,2,1,横浜市立中山中学校,神奈川県横浜市緑区寺山町６５３－２１,2260013,2020-12-22,,143853,,C1(中学校),14(神奈川),2(公),1(本),mext-2025-east,22357
C114210020954,C1,14,2,1,横浜市立東鴨居中学校,神奈川県横浜市緑区鴨居３－３９－１,2260003,2020-12-22,,143871,,C1(中学校),14(神奈川),2(公),1(本),mext-2025-east,22358
C114210020963,C1,14,2,1,横浜市立青葉台中学校,神奈川県横浜市青葉区青葉台２－２５－２,2270062,2020-12-22,,143857,,C1(中学校),14(神奈川),2(公),1(本),mext-2025-east,22359
C114210020972,C1,14,2,1,横浜市立あかね台中学校,神奈川県横浜市青葉区あかね台２－８－２,2270066,2020-12-22,,143874,,C1(中学校),14(神奈川),2(公),1(本),mext-2025-east,22360
C114210020981,C1,14,2,1,横浜市立あざみ野中学校,神奈川県横浜市青葉区あざみ野１－２９－１,2250011,2020-12-22,,143867,,C1(中学校),14(神奈川),2(公),1(本),mext-2025-east,22361
C114210020990,C1,14,2,1,横浜市立市ケ尾中学校,神奈川県横浜市青葉区市ケ尾町５３１－１,2250024,2020-12-22,,143870,,C1(中学校),14(神奈川),2(公),1(本),mext-2025-east,22362
C114210021007,C1,14,2,1,横浜市立美しが丘中学校,神奈川県横浜市青葉区美しが丘３－４１－１,2250002,2020-12-22,,143860,,C1(中学校),14(神奈川),2(公),1(本),mext-2025-east,22363
C114210021016,C1,14,2,1,横浜市立鴨志田中学校,神奈川県横浜市青葉区鴨志田町５３６,2270033,2020-12-22,,143869,,C1(中学校),14(神奈川),2(公),1(本),mext-2025-east,22364
C114210021025,C1,14,2,1,横浜市立すすき野中学校,神奈川県横浜市青葉区すすき野３－４－３,2250021,2020-12-22,,143862,,C1(中学校),14(神奈川),2(公),1(本),mext-2025-east,22365
C114210021034,C1,14,2,1,横浜市立奈良中学校,神奈川県横浜市青葉区すみよし台３６－３,2270035,2020-12-22,,143863,,C1(中学校),14(神奈川),2(公),1(本),mext-2025-east,22366
C114210021043,C1,14,2,1,横浜市立みたけ台中学校,神奈川県横浜市青葉区みたけ台３０,2270047,2020-12-22,,143859,,C1(中学校),14(神奈川),2(公),1(本),mext-2025-east,22367
C114210021052,C1,14,2,1,横浜市立緑が丘中学校,神奈川県横浜市青葉区千草台５０－１,2270051,2020-12-22,,143864,,C1(中学校),14(神奈川),2(公),1(本),mext-2025-east,22368
C114210021061,C1,14,2,1,横浜市立もえぎ野中学校,神奈川県横浜市青葉区もえぎ野４－１,2270044,2020-12-22,,143866,,C1(中学校),14(神奈川),2(公),1(本),mext-2025-east,22369
C114210021070,C1,14,2,1,横浜市立山内中学校,神奈川県横浜市青葉区美しが丘５－４,2250002,2020-12-22,,143854,,C1(中学校),14(神奈川),2(公),1(本),mext-2025-east,22370
C114210021089,C1,14,2,1,横浜市立谷本中学校,神奈川県横浜市青葉区梅が丘５,2270052,2020-12-22,,143855,,C1(中学校),14(神奈川),2(公),1(本),mext-2025-east,22371
C114210021098,C1,14,2,1,横浜市立荏田南中学校,神奈川県横浜市都筑区荏田南２－５－１,2240007,2020-12-22,,143868,,C1(中学校),14(神奈川),2(公),1(本),mext-2025-east,22372
C114210021105,C1,14,2,1,横浜市立川和中学校,神奈川県横浜市都筑区富士見が丘２１－１,2240051,2020-12-22,,143861,,C1(中学校),14(神奈川),2(公),1(本),mext-2025-east,22373
C114210021114,C1,14,2,1,横浜市立茅ケ崎中学校,神奈川県横浜市都筑区茅ケ崎南１－１０－１,2240037,2020-12-22,,143810,,C1(中学校),14(神奈川),2(公),1(本),mext-2025-east,22374
C114210021123,C1,14,2,1,横浜市立都田中学校,神奈川県横浜市都筑区池辺町２８１８,2240053,2020-12-22,,143852,,C1(中学校),14(神奈川),2(公),1(本),mext-2025-east,22375
C114210021132,C1,14,2,1,横浜市立中川中学校,神奈川県横浜市都筑区大棚町２４０,2240027,2020-12-22,,143802,,C1(中学校),14(神奈川),2(公),1(本),mext-2025-east,22376
C114210021141,C1,14,2,1,横浜市立中川西中学校,神奈川県横浜市都筑区中川２－１－１,2240001,2020-12-22,,143812,,C1(中学校),14(神奈川),2(公),1(本),mext-2025-east,22377
C114210021150,C1,14,2,1,横浜市立早渕中学校,神奈川県横浜市都筑区早渕２－４－１,2240025,2020-12-22,,143873,,C1(中学校),14(神奈川),2(公),1(本),mext-2025-east,22378
C114210021169,C1,14,2,1,横浜市立東山田中学校,神奈川県横浜市都筑区東山田２－９－１,2240023,2020-12-22,,143872,,C1(中学校),14(神奈川),2(公),1(本),mext-2025-east,22379
C114210021178,C1,14,2,1,横浜市立秋葉中学校,神奈川県横浜市戸塚区秋葉町２７１－３,2450052,2020-12-22,,143922,,C1(中学校),14(神奈川),2(公),1(本),mext-2025-east,22380
C114210021187,C1,14,2,1,横浜市立汲沢中学校,神奈川県横浜市戸塚区汲沢町５５０－２,2450062,2020-12-22,,143912,,C1(中学校),14(神奈川),2(公),1(本),mext-2025-east,22381
C114210021196,C1,14,2,1,横浜市立境木中学校,神奈川県横浜市戸塚区平戸３－４８－２,2440802,2020-12-22,,143907,,C1(中学校),14(神奈川),2(公),1(本),mext-2025-east,22382
C114210021203,C1,14,2,1,横浜市立大正中学校,神奈川県横浜市戸塚区原宿４－１２－１,2450063,2020-12-22,,143902,,C1(中学校),14(神奈川),2(公),1(本),mext-2025-east,22383
C114210021212,C1,14,2,1,横浜市立戸塚中学校,神奈川県横浜市戸塚区戸塚町４５４２,2440003,2020-12-22,,143903,,C1(中学校),14(神奈川),2(公),1(本),mext-2025-east,22384
C114210021221,C1,14,2,1,横浜市立豊田中学校,神奈川県横浜市戸塚区下倉田町９５０,2440815,2020-12-22,,143909,,C1(中学校),14(神奈川),2(公),1(本),mext-2025-east,22385
C114210021230,C1,14,2,1,横浜市立名瀬中学校,神奈川県横浜市戸塚区名瀬町７９１－６,2450051,2020-12-22,,143915,,C1(中学校),14(神奈川),2(公),1(本),mext-2025-east,22386
C114210021249,C1,14,2,1,横浜市立平戸中学校,神奈川県横浜市戸塚区平戸町９９３－４,2440803,2020-12-22,,143923,,C1(中学校),14(神奈川),2(公),1(本),mext-2025-east,22387
C114210021258,C1,14,2,1,横浜市立深谷中学校,神奈川県横浜市戸塚区深谷町１０７１,2450067,2020-12-22,,143916,,C1(中学校),14(神奈川),2(公),1(本),mext-2025-east,22388
C114210021267,C1,14,2,1,横浜市立舞岡中学校,神奈川県横浜市戸塚区舞岡町２２６,2440813,2020-12-22,,143906,,C1(中学校),14(神奈川),2(公),1(本),mext-2025-east,22389
C114210021276,C1,14,2,1,横浜市立南戸塚中学校,神奈川県横浜市戸塚区戸塚町１８４２－１,2440003,2020-12-22,,143924,,C1(中学校),14(神奈川),2(公),1(本),mext-2025-east,22390
C114210021285,C1,14,2,1,横浜市立飯島中学校,神奈川県横浜市栄区飯島町７４６－１,2440842,2020-12-22,,143918,,C1(中学校),14(神奈川),2(公),1(本),mext-2025-east,22391
C114210021294,C1,14,2,1,横浜市立桂台中学校,神奈川県横浜市栄区桂台中５－１,2470034,2020-12-22,,143914,,C1(中学校),14(神奈川),2(公),1(本),mext-2025-east,22392
C114210021301,C1,14,2,1,横浜市立上郷中学校,神奈川県横浜市栄区犬山町６－２,2470026,2020-12-22,,143911,,C1(中学校),14(神奈川),2(公),1(本),mext-2025-east,22393
C114210021310,C1,14,2,1,横浜市立小山台中学校,神奈川県横浜市栄区小山台１－１４－１,2470002,2020-12-22,,143921,,C1(中学校),14(神奈川),2(公),1(本),mext-2025-east,22394
C114210021329,C1,14,2,1,横浜市立西本郷中学校,神奈川県横浜市栄区小菅ケ谷１－２９－１,2470007,2020-12-22,,143917,,C1(中学校),14(神奈川),2(公),1(本),mext-2025-east,22395
C114210021338,C1,14,2,1,横浜市立本郷中学校,神奈川県横浜市栄区桂町８４－１４,2470005,2020-12-22,,143905,,C1(中学校),14(神奈川),2(公),1(本),mext-2025-east,22396
C114210021347,C1,14,2,1,横浜市立泉が丘中学校,神奈川県横浜市泉区和泉が丘３－２９－１,2450022,2020-12-22,,143908,,C1(中学校),14(神奈川),2(公),1(本),mext-2025-east,22397
C114210021356,C1,14,2,1,横浜市立いずみ野中学校,神奈川県横浜市泉区和泉町６２０１,2450016,2020-12-22,,143920,,C1(中学校),14(神奈川),2(公),1(本),mext-2025-east,22398
C114210021365,C1,14,2,1,横浜市立岡津中学校,神奈川県横浜市泉区岡津町２３４６,2450003,2020-12-22,,143901,,C1(中学校),14(神奈川),2(公),1(本),mext-2025-east,22399
C114210021374,C1,14,2,1,横浜市立上飯田中学校,神奈川県横浜市泉区上飯田町２２５４,2450018,2020-12-22,,143913,,C1(中学校),14(神奈川),2(公),1(本),mext-2025-east,22400
C114210021383,C1,14,2,1,横浜市立中田中学校,神奈川県横浜市泉区中田北２－２０－１,2450012,2020-12-22,,143910,,C1(中学校),14(神奈川),2(公),1(本),mext-2025-east,22401
C114210021392,C1,14,2,1,横浜市立中和田中学校,神奈川県横浜市泉区和泉中央北２－５－１,2450024,2020-12-22,,143904,,C1(中学校),14(神奈川),2(公),1(本),mext-2025-east,22402
C114210021409,C1,14,2,1,横浜市立領家中学校,神奈川県横浜市泉区領家４－３－１,2450004,2020-12-22,,143925,,C1(中学校),14(神奈川),2(公),1(本),mext-2025-east,22403
C114210021418,C1,14,2,1,横浜市立東野中学校,神奈川県横浜市瀬谷区東野１３０,2460012,2020-12-22,,143954,,C1(中学校),14(神奈川),2(公),1(本),mext-2025-east,22404
C114210021427,C1,14,2,1,横浜市立下瀬谷中学校,神奈川県横浜市瀬谷区下瀬谷２－１６－７,2460035,2020-12-22,,143956,,C1(中学校),14(神奈川),2(公),1(本),mext-2025-east,22405
C114210021436,C1,14,2,1,横浜市立瀬谷中学校,神奈川県横浜市瀬谷区中央５－４１,2460014,2020-12-22,,143951,,C1(中学校),14(神奈川),2(公),1(本),mext-2025-east,22406
C114210021445,C1,14,2,1,横浜市立原中学校,神奈川県横浜市瀬谷区阿久和西２－１－６,2460025,2020-12-22,,143952,,C1(中学校),14(神奈川),2(公),1(本),mext-2025-east,22407
C114210021454,C1,14,2,1,横浜市立南瀬谷中学校,神奈川県横浜市瀬谷区南台２－２－８,2460032,2020-12-22,,143953,,C1(中学校),14(神奈川),2(公),1(本),mext-2025-east,22408
C114210021463,C1,14,2,1,横浜市立上白根北中学校,神奈川県横浜市旭区上白根２－４７－１,2410002,2023-05-01,,,,C1(中学校),14(神奈川),2(公),1(本),mext-2025-east,22409
C114310000019,C1,14,3,1,聖ヨゼフ学園中学校,神奈川県横浜市鶴見区東寺尾北台１１－１,2300016,2020-12-22,,143534,,C1(中学校),14(神奈川),3(私),1(本),mext-2025-east,22674
C114310000028,C1,14,3,1,橘学苑中学校,神奈川県横浜市鶴見区獅子ヶ谷１－１０－３５,2300073,2020-12-22,,143532,,C1(中学校),14(神奈川),3(私),1(本),mext-2025-east,22675
C114310000037,C1,14,3,1,鶴見大学附属中学校,神奈川県横浜市鶴見区鶴見２－２－１,2300063,2020-12-22,,143533,,C1(中学校),14(神奈川),3(私),1(本),mext-2025-east,22676
C114310000046,C1,14,3,1,浅野中学校,神奈川県横浜市神奈川区子安台１－３－１,2210012,2020-12-22,,143551,,C1(中学校),14(神奈川),3(私),1(本),mext-2025-east,22677
C114310000055,C1,14,3,1,神奈川学園中学校,神奈川県横浜市神奈川区沢渡１８,2210844,2020-12-22,,143552,,C1(中学校),14(神奈川),3(私),1(本),mext-2025-east,22678
C114310000064,C1,14,3,1,横浜創英中学校,神奈川県横浜市神奈川区西大口２８,2210004,2020-12-22,,143553,,C1(中学校),14(神奈川),3(私),1(本),mext-2025-east,22679
C114310000073,C1,14,3,1,捜真女学校中学部,神奈川県横浜市神奈川区中丸８,2218720,2020-12-22,,143554,,C1(中学校),14(神奈川),3(私),1(本),mext-2025-east,22680
C114310000082,C1,14,3,1,聖光学院中学校,神奈川県横浜市中区滝之上１００,2310837,2020-12-22,,143596,,C1(中学校),14(神奈川),3(私),1(本),mext-2025-east,22681
C114310000091,C1,14,3,1,フェリス女学院中学校,神奈川県横浜市中区山手町１７８,2318660,2020-12-22,,143591,,C1(中学校),14(神奈川),3(私),1(本),mext-2025-east,22682
C114310000108,C1,14,3,1,横浜共立学園中学校,神奈川県横浜市中区山手町２１２,2318662,2020-12-22,,143593,,C1(中学校),14(神奈川),3(私),1(本),mext-2025-east,22683
C114310000117,C1,14,3,1,横浜女学院中学校,神奈川県横浜市中区山手町２０３,2318661,2020-12-22,,143594,,C1(中学校),14(神奈川),3(私),1(本),mext-2025-east,22684
C114310000126,C1,14,3,1,横浜雙葉中学校,神奈川県横浜市中区山手町８８,2318653,2020-12-22,,143592,,C1(中学校),14(神奈川),3(私),1(本),mext-2025-east,22685
C114310000135,C1,14,3,1,関東学院中学校,神奈川県横浜市南区三春台４,2320002,2020-12-22,,143611,,C1(中学校),14(神奈川),3(私),1(本),mext-2025-east,22686
C114310000144,C1,14,3,1,青山学院横浜英和中学校,神奈川県横浜市南区蒔田町１２４,2328580,2020-12-22,,143612,,C1(中学校),14(神奈川),3(私),1(本),mext-2025-east,22687
C114310000153,C1,14,3,1,横浜清風中学校,神奈川県横浜市保土ケ谷区岩井町４４７,2400023,2020-12-22,,143671,,C1(中学校),14(神奈川),3(私),1(本),mext-2025-east,22688
C114310000162,C1,14,3,1,横浜学園中学校,神奈川県横浜市磯子区岡村２－４－１,2350021,2020-12-22,,143741,,C1(中学校),14(神奈川),3(私),1(本),mext-2025-east,22689
C114310000171,C1,14,3,1,関東学院六浦中学校,神奈川県横浜市金沢区六浦東１－５０－１,2368504,2020-12-22,,143791,,C1(中学校),14(神奈川),3(私),1(本),mext-2025-east,22690
C114310000180,C1,14,3,1,横浜中学校,神奈川県横浜市金沢区能見台通４７－１,2360053,2020-12-22,,143792,,C1(中学校),14(神奈川),3(私),1(本),mext-2025-east,22691
C114310000199,C1,14,3,1,慶應義塾普通部,神奈川県横浜市港北区日吉本町１－４５－１,2230062,2020-12-22,,143842,,C1(中学校),14(神奈川),3(私),1(本),mext-2025-east,22692
C114310000206,C1,14,3,1,日本大学中学校,神奈川県横浜市港北区箕輪町２－９－１,2238566,2020-12-22,,143843,,C1(中学校),14(神奈川),3(私),1(本),mext-2025-east,22693
C114310000215,C1,14,3,1,武相中学校,神奈川県横浜市港北区仲手原２－３４－１,2220023,2020-12-22,,143844,,C1(中学校),14(神奈川),3(私),1(本),mext-2025-east,22694
C114310000224,C1,14,3,1,公文国際学園中等部,神奈川県横浜市戸塚区小雀町７７７,2440004,2020-12-22,,144227,,C1(中学校),14(神奈川),3(私),1(本),mext-2025-east,22695
C114310000233,C1,14,3,1,山手学院中学校,神奈川県横浜市栄区上郷町４６０,2470013,2020-12-22,,143941,,C1(中学校),14(神奈川),3(私),1(本),mext-2025-east,22696
C114310000242,C1,14,3,1,星槎中学校,神奈川県横浜市緑区霧が丘６－１３,2260016,2020-12-22,,143895,,C1(中学校),14(神奈川),3(私),1(本),mext-2025-east,22697
C114310000251,C1,14,3,1,横浜富士見丘学園中学校,神奈川県横浜市旭区中沢１－２４－１,2418502,2020-12-22,,143695,,C1(中学校),14(神奈川),3(私),1(本),mext-2025-east,22698
C114310000260,C1,14,3,1,森村学園中等部,神奈川県横浜市緑区長津田町２６９５,2260026,2020-12-22,,143892,,C1(中学校),14(神奈川),3(私),1(本),mext-2025-east,22699
C114310000279,C1,14,3,1,神奈川大学附属中学校,神奈川県横浜市緑区台村町８００,2260014,2020-12-22,,143893,,C1(中学校),14(神奈川),3(私),1(本),mext-2025-east,22700
C114310000288,C1,14,3,1,横浜翠陵中学校,神奈川県横浜市緑区三保町１,2260015,2020-12-22,,143894,,C1(中学校),14(神奈川),3(私),1(本),mext-2025-east,22701
C114310000297,C1,14,3,1,横浜隼人中学校,神奈川県横浜市瀬谷区阿久和南１－３－１,2460026,2020-12-22,,143955,,C1(中学校),14(神奈川),3(私),1(本),mext-2025-east,22702
C114310000304,C1,14,3,9,桐蔭学園中学校,神奈川県横浜市青葉区鉄町１６１４,2258502,2020-12-22,2021-05-27,143891,,C1(中学校),14(神奈川),3(私),9(廃),mext-2025-east,22703
C114310000313,C1,14,3,1,サレジオ学院中学校,神奈川県横浜市都筑区南山田３－４３－１,2240029,2020-12-22,,144089,,C1(中学校),14(神奈川),3(私),1(本),mext-2025-east,22704
C114310000322,C1,14,3,1,中央大学附属横浜中学校,神奈川県横浜市都筑区牛久保東１－１４－１,2248515,2020-12-22,,143595,,C1(中学校),14(神奈川),3(私),1(本),mext-2025-east,22705
C214210020016,C2,14,2,1,横浜市立西金沢義務教育学校,神奈川県横浜市金沢区釜利谷西４－１９－１,2360046,2020-12-22,,14C012,,C2(義務),14(神奈川),2(公),1(本),mext-2025-east,22738
C214210020025,C2,14,2,1,横浜市立霧が丘義務教育学校,神奈川県横浜市緑区霧が丘４－３、４－４,2260016,2020-12-22,,14C011,,C2(義務),14(神奈川),2(公),1(本),mext-2025-east,22739
C214210020034,C2,14,2,1,横浜市立緑園義務教育学校,神奈川県横浜市泉区緑園５－２８,2450002,2022-05-01,,,,C2(義務),14(神奈川),2(公),1(本),mext-2025-east,22740
